service_id,date,exception_type
IDFM:1,20250221,2
IDFM:1,20250220,2
IDFM:1,20250219,2
IDFM:1,20250218,2
IDFM:1,20250217,2
IDFM:1,20250228,2
IDFM:1,20250227,2
IDFM:1,20250226,2
IDFM:1,20250225,2
IDFM:1,20250224,2
IDFM:10,20250221,2
IDFM:10,20250220,2
IDFM:10,20250218,2
IDFM:10,20250217,2
IDFM:10,20250228,2
IDFM:10,20250227,2
IDFM:10,20250225,2
IDFM:10,20250224,2
IDFM:2586,20250220,2
IDFM:2586,20250218,2
IDFM:2586,20250227,2
IDFM:2586,20250225,2
IDFM:10076,20250219,2
IDFM:10076,20250226,2
IDFM:10078,20250222,2
IDFM:10078,20250221,2
IDFM:10078,20250220,2
IDFM:10078,20250219,2
IDFM:10078,20250218,2
IDFM:10078,20250217,2
IDFM:10078,20250301,2
IDFM:10078,20250228,2
IDFM:10078,20250227,2
IDFM:10078,20250226,2
IDFM:10078,20250225,2
IDFM:10078,20250224,2
IDFM:10085,20250222,2
IDFM:10085,20250219,2
IDFM:10085,20250301,2
IDFM:10085,20250226,2
IDFM:30664,20250209,1
IDFM:30664,20250215,2
IDFM:30664,20250214,2
IDFM:30664,20250213,2
IDFM:30664,20250212,2
IDFM:30664,20250211,2
IDFM:30664,20250210,2
IDFM:32109,20250209,1
IDFM:32109,20250221,2
IDFM:32109,20250220,2
IDFM:32109,20250219,2
IDFM:32109,20250218,2
IDFM:32109,20250217,2
IDFM:32109,20250228,2
IDFM:32109,20250227,2
IDFM:32109,20250226,2
IDFM:32109,20250225,2
IDFM:32109,20250224,2
IDFM:38855,20250217,1
IDFM:38855,20250224,1
IDFM:67520,20250221,2
IDFM:67520,20250228,2
IDFM:67520,20250306,1
IDFM:67520,20250304,1
IDFM:67520,20250303,1
IDFM:67546,20250211,1
IDFM:67546,20250210,1
IDFM:67546,20250220,2
IDFM:67546,20250219,2
IDFM:67546,20250227,2
IDFM:67546,20250226,2
IDFM:75177,20250220,2
IDFM:75177,20250219,2
IDFM:75177,20250227,2
IDFM:75177,20250226,2
IDFM:75188,20250221,2
IDFM:75188,20250218,2
IDFM:75188,20250217,2
IDFM:75188,20250228,2
IDFM:75188,20250225,2
IDFM:75188,20250224,2
IDFM:82401,20250211,1
IDFM:82401,20250210,1
IDFM:82683,20250222,1
IDFM:96995,20250209,1
IDFM:96995,20250214,2
IDFM:99819,20250221,2
IDFM:99819,20250217,2
IDFM:99819,20250228,2
IDFM:99819,20250224,2
IDFM:100000,20250220,2
IDFM:100000,20250219,2
IDFM:100000,20250218,2
IDFM:100000,20250227,2
IDFM:100000,20250226,2
IDFM:100000,20250225,2
IDFM:100001,20250221,2
IDFM:100001,20250220,2
IDFM:100001,20250219,2
IDFM:100001,20250218,2
IDFM:100001,20250228,2
IDFM:100001,20250227,2
IDFM:100001,20250226,2
IDFM:100001,20250225,2
IDFM:100004,20250217,2
IDFM:100004,20250224,2
IDFM:100138,20250220,2
IDFM:100138,20250219,2
IDFM:100138,20250218,2
IDFM:100138,20250217,2
IDFM:100138,20250227,2
IDFM:100138,20250226,2
IDFM:100138,20250225,2
IDFM:100138,20250224,2
IDFM:101310,20250211,1
IDFM:101310,20250210,1
IDFM:101985,20250211,1
IDFM:101985,20250210,1
IDFM:101999,20250221,1
IDFM:101999,20250228,1
IDFM:102459,20250207,1
IDFM:102459,20250214,1
IDFM:103518,20250207,1
IDFM:103518,20250214,1
IDFM:103518,20250211,1
IDFM:103518,20250210,1
IDFM:103518,20250220,2
IDFM:103518,20250219,2
IDFM:103518,20250227,2
IDFM:103518,20250226,2
IDFM:103518,20250304,1
IDFM:103518,20250303,1
IDFM:103522,20250221,1
IDFM:103522,20250220,1
IDFM:103522,20250219,1
IDFM:103522,20250218,1
IDFM:103522,20250217,1
IDFM:103522,20250228,1
IDFM:103522,20250227,1
IDFM:103522,20250226,1
IDFM:103522,20250225,1
IDFM:103522,20250224,1
IDFM:104069,20250211,1
IDFM:104069,20250210,1
IDFM:104158,20250206,1
IDFM:104158,20250205,1
IDFM:104158,20250213,1
IDFM:104158,20250212,1
IDFM:104158,20250211,1
IDFM:104158,20250210,1
IDFM:104499,20250221,1
IDFM:104499,20250228,1
IDFM:105630,20250220,1
IDFM:105630,20250219,1
IDFM:105630,20250218,1
IDFM:105630,20250217,1
IDFM:105630,20250227,1
IDFM:105630,20250226,1
IDFM:105630,20250225,1
IDFM:105630,20250224,1
IDFM:106408,20250207,1
IDFM:106408,20250214,1
IDFM:107529,20250221,1
IDFM:107529,20250220,1
IDFM:107529,20250219,1
IDFM:107529,20250218,1
IDFM:107529,20250217,1
IDFM:107529,20250228,1
IDFM:107529,20250227,1
IDFM:107529,20250226,1
IDFM:107529,20250225,1
IDFM:107529,20250224,1
IDFM:107980,20250221,2
IDFM:107980,20250220,2
IDFM:107980,20250219,2
IDFM:107980,20250218,2
IDFM:107980,20250217,2
IDFM:107980,20250228,2
IDFM:107980,20250227,2
IDFM:107980,20250226,2
IDFM:107980,20250225,2
IDFM:107980,20250224,2
IDFM:108071,20250220,2
IDFM:108071,20250219,2
IDFM:108071,20250218,2
IDFM:108071,20250217,2
IDFM:108071,20250227,2
IDFM:108071,20250226,2
IDFM:108071,20250225,2
IDFM:108071,20250224,2
IDFM:111568,20250209,1
IDFM:111568,20250220,2
IDFM:111568,20250219,2
IDFM:111568,20250218,2
IDFM:111568,20250217,2
IDFM:111568,20250227,2
IDFM:111568,20250226,2
IDFM:111568,20250225,2
IDFM:111568,20250224,2
IDFM:111570,20250220,2
IDFM:111570,20250219,2
IDFM:111570,20250217,2
IDFM:111570,20250227,2
IDFM:111570,20250226,2
IDFM:111570,20250224,2
IDFM:111579,20250221,2
IDFM:111579,20250218,2
IDFM:111579,20250228,2
IDFM:111579,20250225,2
IDFM:111623,20250218,2
IDFM:111623,20250225,2
IDFM:112018,20250207,1
IDFM:112018,20250214,1
IDFM:112018,20250211,1
IDFM:112018,20250304,1
IDFM:112153,20250221,1
IDFM:112153,20250228,1
IDFM:112243,20250221,1
IDFM:112243,20250228,1
IDFM:112283,20250220,1
IDFM:112283,20250219,1
IDFM:112283,20250218,1
IDFM:112283,20250217,1
IDFM:112283,20250227,1
IDFM:112283,20250226,1
IDFM:112283,20250225,1
IDFM:112283,20250224,1
IDFM:112293,20250221,1
IDFM:112293,20250218,1
IDFM:112293,20250228,1
IDFM:112293,20250225,1
IDFM:112337,20250220,1
IDFM:112337,20250219,1
IDFM:112337,20250217,1
IDFM:112337,20250227,1
IDFM:112337,20250226,1
IDFM:112337,20250224,1
IDFM:112341,20250218,1
IDFM:112341,20250225,1
IDFM:112362,20250210,1
IDFM:112362,20250220,2
IDFM:112362,20250219,2
IDFM:112362,20250227,2
IDFM:112362,20250226,2
IDFM:112362,20250303,1
IDFM:112418,20250210,1
IDFM:112418,20250221,1
IDFM:112418,20250218,1
IDFM:112418,20250220,2
IDFM:112418,20250219,2
IDFM:112418,20250228,1
IDFM:112418,20250225,1
IDFM:112418,20250227,2
IDFM:112418,20250226,2
IDFM:112418,20250303,1
IDFM:112422,20250218,1
IDFM:112422,20250225,1
IDFM:112526,20250221,1
IDFM:112526,20250220,1
IDFM:112526,20250219,1
IDFM:112526,20250217,1
IDFM:112526,20250228,1
IDFM:112526,20250227,1
IDFM:112526,20250226,1
IDFM:112526,20250224,1
IDFM:113048,20250208,1
IDFM:113048,20250221,2
IDFM:113048,20250220,2
IDFM:113048,20250219,2
IDFM:113048,20250218,2
IDFM:113048,20250217,2
IDFM:113048,20250228,2
IDFM:113048,20250227,2
IDFM:113048,20250226,2
IDFM:113048,20250225,2
IDFM:113048,20250224,2
IDFM:115930,20250207,1
IDFM:115930,20250208,2
IDFM:115930,20250214,1
IDFM:115930,20250211,1
IDFM:115930,20250210,1
IDFM:115930,20250220,2
IDFM:115930,20250219,2
IDFM:115930,20250227,2
IDFM:115930,20250226,2
IDFM:115930,20250304,1
IDFM:115930,20250303,1
IDFM:116869,20250211,1
IDFM:116869,20250210,1
IDFM:116869,20250220,2
IDFM:116869,20250219,2
IDFM:116869,20250227,2
IDFM:116869,20250226,2
IDFM:116869,20250304,1
IDFM:116869,20250303,1
IDFM:117970,20250220,2
IDFM:117970,20250218,2
IDFM:117970,20250217,2
IDFM:117970,20250227,2
IDFM:117970,20250225,2
IDFM:117970,20250224,2
IDFM:118937,20250221,2
IDFM:118937,20250219,2
IDFM:118937,20250228,2
IDFM:118937,20250226,2
IDFM:121613,20250207,1
IDFM:121613,20250214,1
IDFM:121621,20250220,1
IDFM:121621,20250219,1
IDFM:121621,20250218,1
IDFM:121621,20250217,1
IDFM:121621,20250227,1
IDFM:121621,20250226,1
IDFM:121621,20250225,1
IDFM:121621,20250224,1
IDFM:122552,20250207,1
IDFM:122552,20250214,1
IDFM:122552,20250211,1
IDFM:122552,20250210,1
IDFM:122552,20250220,2
IDFM:122552,20250219,2
IDFM:122552,20250227,2
IDFM:122552,20250226,2
IDFM:122552,20250304,1
IDFM:122552,20250303,1
IDFM:122846,20250208,1
IDFM:122846,20250215,1
IDFM:128434,20250207,1
IDFM:128434,20250214,1
IDFM:128434,20250211,1
IDFM:128434,20250210,1
IDFM:128434,20250220,2
IDFM:128434,20250219,2
IDFM:128434,20250227,2
IDFM:128434,20250226,2
IDFM:128434,20250304,1
IDFM:128434,20250303,1
IDFM:129678,20250211,1
IDFM:129678,20250210,1
IDFM:129678,20250221,2
IDFM:129678,20250220,2
IDFM:129678,20250219,2
IDFM:129678,20250227,2
IDFM:129678,20250226,2
IDFM:129679,20250205,1
IDFM:129679,20250212,1
IDFM:129679,20250211,1
IDFM:129679,20250210,1
IDFM:129679,20250221,2
IDFM:129679,20250220,2
IDFM:129679,20250227,2
IDFM:129679,20250304,1
IDFM:129679,20250303,1
IDFM:129681,20250211,1
IDFM:129681,20250210,1
IDFM:129681,20250221,2
IDFM:129681,20250220,2
IDFM:129681,20250219,2
IDFM:129681,20250227,2
IDFM:129681,20250226,2
IDFM:129681,20250304,1
IDFM:129681,20250303,1
IDFM:129682,20250221,1
IDFM:129752,20250206,1
IDFM:129752,20250213,1
IDFM:129752,20250211,1
IDFM:129752,20250210,1
IDFM:129752,20250221,2
IDFM:129752,20250219,2
IDFM:129752,20250226,2
IDFM:129783,20250221,2
IDFM:129783,20250220,2
IDFM:129783,20250219,2
IDFM:129783,20250218,2
IDFM:129783,20250217,2
IDFM:129783,20250228,2
IDFM:129783,20250227,2
IDFM:129783,20250226,2
IDFM:129783,20250225,2
IDFM:129783,20250224,2
IDFM:129783,20250305,2
IDFM:129787,20250211,1
IDFM:129787,20250210,1
IDFM:129787,20250221,2
IDFM:129787,20250220,2
IDFM:129787,20250219,2
IDFM:129787,20250228,2
IDFM:129787,20250227,2
IDFM:129787,20250226,2
IDFM:129885,20250221,1
IDFM:129885,20250305,2
IDFM:130756,20250219,2
IDFM:130756,20250226,2
IDFM:130756,20250306,1
IDFM:130756,20250304,1
IDFM:130756,20250303,1
IDFM:131045,20250221,1
IDFM:131045,20250220,1
IDFM:131045,20250219,1
IDFM:131045,20250218,1
IDFM:131045,20250217,1
IDFM:131045,20250228,1
IDFM:131045,20250227,1
IDFM:131045,20250226,1
IDFM:131045,20250225,1
IDFM:131045,20250224,1
IDFM:131069,20250221,2
IDFM:131069,20250220,2
IDFM:131069,20250218,2
IDFM:131069,20250217,2
IDFM:131069,20250228,2
IDFM:131069,20250227,2
IDFM:131069,20250225,2
IDFM:131069,20250224,2
IDFM:131069,20250305,1
IDFM:131096,20250208,1
IDFM:131096,20250209,2
IDFM:131096,20250215,1
IDFM:131100,20250209,1
IDFM:131100,20250215,2
IDFM:131101,20250211,1
IDFM:131101,20250210,1
IDFM:131101,20250221,2
IDFM:131101,20250220,2
IDFM:131101,20250228,2
IDFM:131101,20250227,2
IDFM:131101,20250305,1
IDFM:131402,20250209,1
IDFM:131402,20250214,2
IDFM:131402,20250213,2
IDFM:131402,20250212,2
IDFM:131402,20250211,2
IDFM:131402,20250210,2
IDFM:131509,20250209,2
IDFM:133154,20250221,1
IDFM:133154,20250220,1
IDFM:133154,20250219,1
IDFM:133154,20250218,1
IDFM:133154,20250217,1
IDFM:133154,20250228,1
IDFM:133154,20250227,1
IDFM:133154,20250226,1
IDFM:133154,20250225,1
IDFM:133154,20250224,1
IDFM:133624,20250211,1
IDFM:133624,20250210,1
IDFM:133624,20250221,2
IDFM:133624,20250220,2
IDFM:133624,20250219,2
IDFM:135461,20250221,1
IDFM:135461,20250220,1
IDFM:135461,20250219,1
IDFM:135461,20250218,1
IDFM:135461,20250217,1
IDFM:135461,20250228,1
IDFM:135461,20250227,1
IDFM:135461,20250226,1
IDFM:135461,20250225,1
IDFM:135461,20250224,1
IDFM:149268,20250221,2
IDFM:149268,20250228,2
IDFM:149268,20250306,1
IDFM:149268,20250305,1
IDFM:149268,20250304,1
IDFM:149268,20250303,1
IDFM:155347,20250212,2
IDFM:155347,20250211,2
IDFM:155394,20250211,1
IDFM:155554,20250222,1
IDFM:155554,20250301,1
IDFM:155558,20250222,1
IDFM:155558,20250301,1
IDFM:155560,20250205,1
IDFM:155560,20250212,1
IDFM:155560,20250211,1
IDFM:155604,20250213,2
IDFM:155604,20250212,2
IDFM:155604,20250211,2
IDFM:155745,20250206,1
IDFM:155745,20250205,1
IDFM:155745,20250213,1
IDFM:155745,20250212,1
IDFM:155745,20250211,1
IDFM:155790,20250206,1
IDFM:155790,20250205,1
IDFM:155790,20250213,1
IDFM:155790,20250212,1
IDFM:155790,20250211,1
IDFM:155875,20250221,1
IDFM:155875,20250228,1
IDFM:155905,20250214,2
IDFM:155905,20250213,2
IDFM:155905,20250212,2
IDFM:155905,20250211,2
IDFM:156026,20250213,2
IDFM:156102,20250206,1
IDFM:156102,20250213,1
IDFM:156112,20250205,1
IDFM:156112,20250212,1
IDFM:156112,20250211,1
IDFM:156149,20250208,1
IDFM:156149,20250215,1
IDFM:156241,20250219,1
IDFM:156241,20250218,1
IDFM:156241,20250226,1
IDFM:156241,20250225,1
IDFM:165805,20250208,1
IDFM:165805,20250215,1
IDFM:165805,20250221,1
IDFM:165805,20250220,1
IDFM:165805,20250219,1
IDFM:165805,20250218,1
IDFM:165805,20250217,1
IDFM:165805,20250228,1
IDFM:165805,20250227,1
IDFM:165805,20250226,1
IDFM:165805,20250225,1
IDFM:165805,20250224,1
IDFM:168966,20250211,1
IDFM:168966,20250210,1
IDFM:168966,20250220,2
IDFM:168966,20250219,2
IDFM:168966,20250227,2
IDFM:168966,20250226,2
IDFM:168966,20250304,1
IDFM:168966,20250303,1
IDFM:171697,20250222,1
IDFM:171697,20250301,1
IDFM:171861,20250208,1
IDFM:172528,20250208,1
IDFM:172528,20250211,1
IDFM:172528,20250210,1
IDFM:173238,20250221,1
IDFM:173238,20250228,1
IDFM:173239,20250215,1
IDFM:173239,20250221,1
IDFM:173239,20250228,1
IDFM:173812,20250210,1
IDFM:173812,20250214,2
IDFM:173812,20250213,2
IDFM:173812,20250212,2
IDFM:173812,20250211,2
IDFM:174051,20250210,1
IDFM:174051,20250221,2
IDFM:174051,20250220,2
IDFM:174051,20250219,2
IDFM:174051,20250218,2
IDFM:174051,20250228,2
IDFM:174051,20250227,2
IDFM:174051,20250226,2
IDFM:174051,20250225,2
IDFM:178318,20250211,1
IDFM:178318,20250210,1
IDFM:178321,20250207,1
IDFM:178321,20250206,1
IDFM:178321,20250205,1
IDFM:178321,20250214,1
IDFM:178321,20250213,1
IDFM:178321,20250212,1
IDFM:178321,20250211,1
IDFM:178321,20250210,1
IDFM:184531,20250219,1
IDFM:184531,20250226,1
IDFM:185121,20250208,1
IDFM:185121,20250207,1
IDFM:185121,20250214,1
IDFM:185121,20250220,2
IDFM:185121,20250227,2
IDFM:185123,20250208,1
IDFM:185123,20250207,1
IDFM:185123,20250214,1
IDFM:185123,20250220,2
IDFM:185123,20250227,2
IDFM:185223,20250208,1
IDFM:185223,20250221,1
IDFM:185223,20250220,1
IDFM:185223,20250219,1
IDFM:185223,20250218,1
IDFM:185223,20250217,1
IDFM:185223,20250228,1
IDFM:185223,20250227,1
IDFM:185223,20250226,1
IDFM:185223,20250225,1
IDFM:185223,20250224,1
IDFM:185227,20250221,1
IDFM:185227,20250220,1
IDFM:185227,20250219,1
IDFM:185227,20250218,1
IDFM:185227,20250217,1
IDFM:185227,20250228,1
IDFM:185227,20250227,1
IDFM:185227,20250226,1
IDFM:185227,20250225,1
IDFM:185227,20250224,1
IDFM:185315,20250208,1
IDFM:185531,20250208,1
IDFM:185531,20250214,2
IDFM:185531,20250213,2
IDFM:185531,20250212,2
IDFM:185531,20250211,2
IDFM:185531,20250210,2
IDFM:185533,20250208,1
IDFM:185533,20250207,1
IDFM:185533,20250214,1
IDFM:185533,20250211,1
IDFM:185533,20250210,1
IDFM:185533,20250220,2
IDFM:185533,20250219,2
IDFM:185533,20250227,2
IDFM:185533,20250226,2
IDFM:185533,20250304,1
IDFM:185533,20250303,1
IDFM:185534,20250208,2
IDFM:187037,20250221,1
IDFM:187037,20250228,1
IDFM:189950,20250211,1
IDFM:189950,20250210,1
IDFM:189950,20250220,2
IDFM:189950,20250219,2
IDFM:189950,20250227,2
IDFM:189950,20250226,2
IDFM:189950,20250305,2
IDFM:189951,20250228,2
IDFM:189951,20250227,2
IDFM:189951,20250226,2
IDFM:189957,20250211,1
IDFM:189957,20250210,1
IDFM:189957,20250221,2
IDFM:189957,20250220,2
IDFM:189957,20250219,2
IDFM:189957,20250228,2
IDFM:189957,20250227,2
IDFM:189957,20250226,2
IDFM:189957,20250305,2
IDFM:189960,20250207,1
IDFM:189960,20250214,1
IDFM:189960,20250227,2
IDFM:189960,20250226,2
IDFM:189964,20250221,1
IDFM:189964,20250227,2
IDFM:189964,20250226,2
IDFM:189965,20250221,1
IDFM:189969,20250207,1
IDFM:189969,20250214,1
IDFM:189969,20250302,2
IDFM:189969,20250301,2
IDFM:189969,20250227,2
IDFM:189969,20250226,2
IDFM:189980,20250302,2
IDFM:189980,20250301,2
IDFM:189980,20250228,2
IDFM:189980,20250227,2
IDFM:189980,20250226,2
IDFM:189980,20250305,2
IDFM:189980,20250304,2
IDFM:189980,20250303,2
IDFM:189998,20250221,2
IDFM:190028,20250221,1
IDFM:190095,20250228,2
IDFM:190095,20250227,2
IDFM:190095,20250226,2
IDFM:190095,20250305,2
IDFM:190095,20250304,2
IDFM:190095,20250303,2
IDFM:190098,20250227,2
IDFM:190098,20250226,2
IDFM:190098,20250305,2
IDFM:190098,20250304,2
IDFM:190098,20250303,2
IDFM:190123,20250211,1
IDFM:190123,20250218,1
IDFM:190123,20250227,2
IDFM:190123,20250226,2
IDFM:190123,20250305,2
IDFM:190123,20250303,2
IDFM:190151,20250301,2
IDFM:190151,20250228,2
IDFM:190151,20250227,2
IDFM:190151,20250226,2
IDFM:190151,20250305,2
IDFM:190151,20250304,2
IDFM:190151,20250303,2
IDFM:190173,20250301,2
IDFM:190173,20250227,2
IDFM:190173,20250226,2
IDFM:190173,20250305,2
IDFM:190173,20250304,2
IDFM:190173,20250303,2
IDFM:190198,20250207,1
IDFM:190198,20250214,1
IDFM:190198,20250227,2
IDFM:190198,20250226,2
IDFM:190198,20250305,2
IDFM:190198,20250304,2
IDFM:190198,20250303,2
IDFM:190391,20250205,1
IDFM:190391,20250212,1
IDFM:190391,20250211,1
IDFM:190391,20250210,1
IDFM:190391,20250221,1
IDFM:190391,20250220,2
IDFM:190391,20250227,2
IDFM:190429,20250221,1
IDFM:190429,20250220,1
IDFM:190429,20250219,1
IDFM:190430,20250220,1
IDFM:190430,20250219,1
IDFM:190440,20250220,1
IDFM:190440,20250219,1
IDFM:190440,20250218,1
IDFM:190440,20250217,1
IDFM:190440,20250225,1
IDFM:190440,20250224,1
IDFM:190484,20250221,2
IDFM:191001,20250207,1
IDFM:191001,20250214,1
IDFM:191001,20250301,2
IDFM:191001,20250227,2
IDFM:191001,20250226,2
IDFM:191001,20250305,2
IDFM:191001,20250304,2
IDFM:191001,20250303,2
IDFM:191082,20250207,1
IDFM:191082,20250205,1
IDFM:191082,20250214,1
IDFM:191082,20250212,1
IDFM:191082,20250211,1
IDFM:191082,20250210,1
IDFM:191082,20250220,2
IDFM:191082,20250301,2
IDFM:191082,20250227,2
IDFM:191210,20250205,1
IDFM:191210,20250212,1
IDFM:191210,20250211,1
IDFM:191210,20250210,1
IDFM:191210,20250220,2
IDFM:191210,20250301,2
IDFM:191210,20250227,2
IDFM:191276,20250221,1
IDFM:191276,20250220,1
IDFM:191276,20250219,1
IDFM:191276,20250218,1
IDFM:191276,20250217,1
IDFM:191276,20250225,1
IDFM:191276,20250224,1
IDFM:191722,20250220,1
IDFM:191722,20250219,1
IDFM:191722,20250218,1
IDFM:191732,20250302,2
IDFM:191732,20250227,2
IDFM:191732,20250226,2
IDFM:191732,20250305,2
IDFM:191732,20250304,2
IDFM:191732,20250303,2
IDFM:191734,20250225,1
IDFM:192431,20250211,1
IDFM:192431,20250218,1
IDFM:192431,20250302,2
IDFM:192431,20250227,2
IDFM:192431,20250226,2
IDFM:192431,20250305,2
IDFM:192431,20250303,2
IDFM:192798,20250302,2
IDFM:192798,20250228,2
IDFM:192798,20250227,2
IDFM:192798,20250226,2
IDFM:192798,20250305,2
IDFM:192798,20250304,2
IDFM:192798,20250303,2
IDFM:194953,20250207,1
IDFM:194953,20250205,1
IDFM:194953,20250214,1
IDFM:194953,20250212,1
IDFM:194953,20250211,1
IDFM:194953,20250210,1
IDFM:194953,20250220,2
IDFM:194953,20250302,2
IDFM:194953,20250227,2
IDFM:195055,20250221,2
IDFM:195057,20250221,2
IDFM:195057,20250220,2
IDFM:195057,20250219,2
IDFM:195057,20250218,2
IDFM:195057,20250217,2
IDFM:195058,20250220,2
IDFM:195058,20250219,2
IDFM:195058,20250218,2
IDFM:195058,20250217,2
IDFM:195065,20250216,2
IDFM:195065,20250215,2
IDFM:195065,20250221,2
IDFM:195065,20250220,2
IDFM:195065,20250219,2
IDFM:195065,20250218,2
IDFM:195065,20250217,2
IDFM:195083,20250216,2
IDFM:195097,20250215,2
IDFM:195117,20250216,2
IDFM:195117,20250220,2
IDFM:195117,20250219,2
IDFM:195117,20250218,2
IDFM:195117,20250217,2
IDFM:195134,20250216,2
IDFM:195134,20250215,2
IDFM:195187,20250216,2
IDFM:195187,20250215,2
IDFM:195187,20250220,2
IDFM:195187,20250219,2
IDFM:195187,20250218,2
IDFM:195187,20250217,2
IDFM:195189,20250216,2
IDFM:195189,20250221,2
IDFM:195189,20250220,2
IDFM:195189,20250219,2
IDFM:195189,20250218,2
IDFM:195189,20250217,2
IDFM:195282,20250216,2
IDFM:195282,20250221,2
IDFM:195314,20250220,2
IDFM:195314,20250219,2
IDFM:195314,20250218,2
IDFM:195314,20250217,2
IDFM:195350,20250221,1
IDFM:195350,20250220,2
IDFM:195350,20250219,2
IDFM:195350,20250218,2
IDFM:195350,20250217,2
IDFM:195463,20250215,2
IDFM:195463,20250221,2
IDFM:195463,20250220,2
IDFM:195463,20250219,2
IDFM:195463,20250218,2
IDFM:195463,20250217,2
IDFM:195609,20250215,2
IDFM:195609,20250220,2
IDFM:195609,20250219,2
IDFM:195609,20250218,2
IDFM:195609,20250217,2
IDFM:195686,20250215,2
IDFM:195686,20250221,2
IDFM:197784,20250215,2
IDFM:204082,20250211,1
IDFM:204082,20250210,1
IDFM:204082,20250220,2
IDFM:204082,20250219,2
IDFM:204082,20250227,2
IDFM:204082,20250226,2
IDFM:204082,20250304,1
IDFM:204082,20250303,1
IDFM:204083,20250221,1
IDFM:204083,20250228,1
IDFM:204806,20250207,1
IDFM:204806,20250214,1
IDFM:205051,20250212,2
IDFM:205051,20250211,2
IDFM:205051,20250210,2
IDFM:205645,20250222,2
IDFM:205752,20250211,1
IDFM:205752,20250210,1
IDFM:205772,20250212,2
IDFM:205772,20250211,2
IDFM:205772,20250210,2
IDFM:205840,20250212,2
IDFM:205840,20250211,2
IDFM:205840,20250210,2
IDFM:205880,20250207,1
IDFM:205880,20250214,1
IDFM:205880,20250212,2
IDFM:205880,20250211,2
IDFM:205880,20250210,2
IDFM:205896,20250222,1
IDFM:206118,20250212,2
IDFM:206118,20250211,2
IDFM:206118,20250210,2
IDFM:206119,20250207,1
IDFM:206119,20250214,1
IDFM:206119,20250212,2
IDFM:206119,20250211,2
IDFM:206119,20250210,2
IDFM:206664,20250212,2
IDFM:206664,20250211,2
IDFM:206664,20250210,2
IDFM:207615,20250211,1
IDFM:207615,20250210,1
IDFM:207615,20250221,1
IDFM:207615,20250220,2
IDFM:207615,20250219,2
IDFM:207615,20250228,1
IDFM:207615,20250227,2
IDFM:207615,20250226,2
IDFM:207615,20250304,1
IDFM:207615,20250303,1
IDFM:209806,20250213,2
IDFM:209806,20250212,2
IDFM:209806,20250211,2
IDFM:209806,20250210,2
IDFM:209807,20250306,1
IDFM:209807,20250305,1
IDFM:209807,20250304,1
IDFM:209807,20250303,1
IDFM:210176,20250207,1
IDFM:210176,20250214,1
IDFM:210176,20250213,2
IDFM:210176,20250212,2
IDFM:210176,20250211,2
IDFM:210176,20250210,2
IDFM:210249,20250306,1
IDFM:210249,20250305,1
IDFM:210249,20250304,1
IDFM:210249,20250303,1
IDFM:210939,20250206,1
IDFM:210939,20250205,1
IDFM:210939,20250213,1
IDFM:210939,20250212,1
IDFM:210939,20250211,1
IDFM:210939,20250210,1
IDFM:212916,20250211,1
IDFM:212916,20250210,1
IDFM:212916,20250221,1
IDFM:212916,20250220,2
IDFM:212916,20250219,2
IDFM:212916,20250228,1
IDFM:212916,20250227,2
IDFM:212916,20250226,2
IDFM:212916,20250304,1
IDFM:212916,20250303,1
IDFM:213362,20250211,1
IDFM:213362,20250210,1
IDFM:213362,20250221,1
IDFM:213362,20250220,2
IDFM:213362,20250219,2
IDFM:213362,20250228,1
IDFM:213362,20250227,2
IDFM:213362,20250226,2
IDFM:213362,20250304,1
IDFM:213362,20250303,1
IDFM:213772,20250211,1
IDFM:213772,20250210,1
IDFM:213772,20250220,2
IDFM:213772,20250219,2
IDFM:213772,20250227,2
IDFM:213772,20250226,2
IDFM:213772,20250304,1
IDFM:213772,20250303,1
IDFM:213861,20250221,1
IDFM:213861,20250228,1
IDFM:218071,20250306,1
IDFM:218071,20250305,1
IDFM:218071,20250304,1
IDFM:218071,20250303,1
IDFM:219093,20250306,1
IDFM:219093,20250305,1
IDFM:219093,20250304,1
IDFM:219093,20250303,1
IDFM:220107,20250306,1
IDFM:220107,20250305,1
IDFM:220107,20250304,1
IDFM:220107,20250303,1
IDFM:220373,20250208,1
IDFM:220373,20250215,1
IDFM:220375,20250209,1
IDFM:220375,20250208,1
IDFM:220375,20250216,1
IDFM:220375,20250215,1
IDFM:220390,20250223,2
IDFM:220390,20250221,2
IDFM:220390,20250220,2
IDFM:220390,20250219,2
IDFM:220390,20250218,2
IDFM:220390,20250217,2
IDFM:220390,20250302,2
IDFM:220390,20250228,2
IDFM:220390,20250227,2
IDFM:220390,20250226,2
IDFM:220390,20250225,2
IDFM:220390,20250224,2
IDFM:220485,20250222,1
IDFM:220485,20250301,1
IDFM:221122,20250209,1
IDFM:221122,20250208,1
IDFM:221122,20250216,1
IDFM:221122,20250215,1
IDFM:221122,20250220,1
IDFM:221122,20250219,1
IDFM:221122,20250218,1
IDFM:221122,20250217,1
IDFM:221122,20250227,1
IDFM:221122,20250226,1
IDFM:221122,20250225,1
IDFM:221122,20250224,1
IDFM:221191,20250223,2
IDFM:221191,20250220,2
IDFM:221191,20250219,2
IDFM:221191,20250218,2
IDFM:221191,20250217,2
IDFM:221191,20250302,2
IDFM:221191,20250227,2
IDFM:221191,20250226,2
IDFM:221191,20250225,2
IDFM:221191,20250224,2
IDFM:221217,20250222,1
IDFM:221217,20250221,1
IDFM:221217,20250220,1
IDFM:221217,20250219,1
IDFM:221217,20250218,1
IDFM:221217,20250217,1
IDFM:221217,20250301,1
IDFM:221217,20250228,1
IDFM:221217,20250227,1
IDFM:221217,20250226,1
IDFM:221217,20250225,1
IDFM:221217,20250224,1
IDFM:221895,20250208,1
IDFM:221895,20250215,1
IDFM:222435,20250207,1
IDFM:222435,20250214,1
IDFM:222435,20250211,1
IDFM:222435,20250210,1
IDFM:222435,20250223,1
IDFM:222435,20250220,2
IDFM:222435,20250219,2
IDFM:222435,20250302,1
IDFM:222435,20250227,2
IDFM:222435,20250226,2
IDFM:222435,20250304,1
IDFM:222435,20250303,1
IDFM:222449,20250207,1
IDFM:222449,20250214,1
IDFM:222449,20250211,1
IDFM:222449,20250210,1
IDFM:222449,20250223,1
IDFM:222449,20250222,1
IDFM:222449,20250220,2
IDFM:222449,20250219,2
IDFM:222449,20250302,1
IDFM:222449,20250301,1
IDFM:222449,20250227,2
IDFM:222449,20250226,2
IDFM:222449,20250304,1
IDFM:222449,20250303,1
IDFM:222604,20250207,1
IDFM:222604,20250214,1
IDFM:222604,20250211,1
IDFM:222604,20250210,1
IDFM:222604,20250223,1
IDFM:222604,20250220,2
IDFM:222604,20250219,2
IDFM:222604,20250302,1
IDFM:222604,20250227,2
IDFM:222604,20250226,2
IDFM:222604,20250304,1
IDFM:222604,20250303,1
IDFM:222774,20250223,1
IDFM:222774,20250302,1
IDFM:222788,20250211,1
IDFM:222788,20250210,1
IDFM:222788,20250223,1
IDFM:222788,20250220,2
IDFM:222788,20250219,2
IDFM:222788,20250302,1
IDFM:222788,20250227,2
IDFM:222788,20250226,2
IDFM:222788,20250304,1
IDFM:222788,20250303,1
IDFM:222866,20250223,1
IDFM:222866,20250222,1
IDFM:222866,20250302,1
IDFM:222866,20250301,1
IDFM:222970,20250211,1
IDFM:222970,20250210,1
IDFM:222970,20250223,1
IDFM:222970,20250222,1
IDFM:222970,20250220,2
IDFM:222970,20250219,2
IDFM:222970,20250302,1
IDFM:222970,20250301,1
IDFM:222970,20250227,2
IDFM:222970,20250226,2
IDFM:222970,20250304,1
IDFM:222970,20250303,1
IDFM:223185,20250223,1
IDFM:223185,20250221,1
IDFM:223185,20250220,1
IDFM:223185,20250219,1
IDFM:223185,20250218,1
IDFM:223185,20250217,1
IDFM:223185,20250302,1
IDFM:223185,20250228,1
IDFM:223185,20250227,1
IDFM:223185,20250226,1
IDFM:223185,20250225,1
IDFM:223185,20250224,1
IDFM:223679,20250223,2
IDFM:223679,20250222,2
IDFM:223679,20250221,2
IDFM:223679,20250220,2
IDFM:223679,20250219,2
IDFM:223679,20250218,2
IDFM:223679,20250217,2
IDFM:223679,20250302,2
IDFM:223679,20250301,2
IDFM:223679,20250228,2
IDFM:223679,20250227,2
IDFM:223679,20250226,2
IDFM:223679,20250225,2
IDFM:223679,20250224,2
IDFM:227318,20250220,2
IDFM:227318,20250227,2
IDFM:227478,20250207,1
IDFM:227478,20250214,1
IDFM:227478,20250220,1
IDFM:227478,20250219,1
IDFM:227478,20250218,1
IDFM:227478,20250217,1
IDFM:227478,20250227,1
IDFM:227478,20250226,1
IDFM:227478,20250225,1
IDFM:227478,20250224,1
IDFM:227571,20250207,1
IDFM:227571,20250214,1
IDFM:227742,20250217,1
IDFM:227742,20250224,1
IDFM:228588,20250210,1
IDFM:228588,20250303,1
IDFM:229694,20250218,2
IDFM:229694,20250217,2
IDFM:229694,20250225,2
IDFM:229694,20250224,2
IDFM:230814,20250221,2
IDFM:230814,20250220,2
IDFM:230814,20250228,2
IDFM:230814,20250227,2
IDFM:230827,20250217,1
IDFM:230827,20250224,1
IDFM:230843,20250210,1
IDFM:230843,20250303,1
IDFM:230946,20250210,1
IDFM:230946,20250303,1
IDFM:230992,20250210,1
IDFM:230992,20250303,1
IDFM:231168,20250210,1
IDFM:231168,20250303,1
IDFM:231330,20250219,1
IDFM:231330,20250217,1
IDFM:231330,20250226,1
IDFM:231330,20250224,1
IDFM:231334,20250210,1
IDFM:231334,20250219,2
IDFM:231334,20250226,2
IDFM:231334,20250303,1
IDFM:232573,20250207,1
IDFM:232573,20250214,1
IDFM:232592,20250211,1
IDFM:232592,20250210,1
IDFM:232592,20250221,1
IDFM:232592,20250220,2
IDFM:232592,20250219,2
IDFM:232592,20250228,1
IDFM:232592,20250227,2
IDFM:232592,20250226,2
IDFM:232592,20250304,1
IDFM:232592,20250303,1
IDFM:232765,20250220,1
IDFM:232765,20250219,1
IDFM:232765,20250218,1
IDFM:232765,20250217,1
IDFM:232765,20250227,1
IDFM:232765,20250226,1
IDFM:232765,20250225,1
IDFM:232765,20250224,1
IDFM:232983,20250211,1
IDFM:232983,20250210,1
IDFM:232983,20250220,2
IDFM:232983,20250219,2
IDFM:232983,20250227,2
IDFM:232983,20250226,2
IDFM:232983,20250304,1
IDFM:232983,20250303,1
IDFM:235806,20250222,1
IDFM:236251,20250222,1
IDFM:236251,20250221,2
IDFM:236465,20250221,1
IDFM:236465,20250228,1
IDFM:236783,20250222,1
IDFM:237336,20250220,1
IDFM:237336,20250219,1
IDFM:237336,20250218,1
IDFM:237336,20250217,1
IDFM:237336,20250227,1
IDFM:237336,20250226,1
IDFM:237336,20250225,1
IDFM:237336,20250224,1
IDFM:237339,20250207,1
IDFM:237339,20250214,1
IDFM:237433,20250211,1
IDFM:237433,20250210,1
IDFM:237433,20250220,2
IDFM:237433,20250219,2
IDFM:237456,20250211,1
IDFM:237456,20250210,1
IDFM:237456,20250220,2
IDFM:237456,20250219,2
IDFM:237611,20250211,1
IDFM:237611,20250210,1
IDFM:237611,20250220,2
IDFM:237611,20250219,2
IDFM:237996,20250211,1
IDFM:237996,20250210,1
IDFM:237996,20250221,2
IDFM:237996,20250220,2
IDFM:237996,20250219,2
IDFM:238009,20250221,2
IDFM:238014,20250220,1
IDFM:238014,20250219,1
IDFM:238014,20250218,1
IDFM:238014,20250217,1
IDFM:238014,20250227,1
IDFM:238014,20250226,1
IDFM:238014,20250225,1
IDFM:238014,20250224,1
IDFM:238017,20250207,1
IDFM:238017,20250214,1
IDFM:238017,20250220,1
IDFM:238017,20250219,1
IDFM:238017,20250218,1
IDFM:238017,20250217,1
IDFM:238017,20250227,1
IDFM:238017,20250226,1
IDFM:238017,20250225,1
IDFM:238017,20250224,1
IDFM:238023,20250220,1
IDFM:238023,20250219,1
IDFM:238023,20250218,1
IDFM:238023,20250217,1
IDFM:238023,20250227,1
IDFM:238023,20250226,1
IDFM:238023,20250225,1
IDFM:238023,20250224,1
IDFM:238193,20250206,1
IDFM:238193,20250205,1
IDFM:238193,20250213,1
IDFM:238193,20250212,1
IDFM:238193,20250211,1
IDFM:238193,20250210,1
IDFM:238196,20250221,1
IDFM:238196,20250228,1
IDFM:238337,20250220,1
IDFM:238337,20250219,1
IDFM:238337,20250218,1
IDFM:238337,20250217,1
IDFM:238337,20250227,1
IDFM:238337,20250226,1
IDFM:238337,20250225,1
IDFM:238337,20250224,1
IDFM:238509,20250221,1
IDFM:238509,20250228,1
IDFM:238563,20250221,1
IDFM:238563,20250228,1
IDFM:238700,20250221,2
IDFM:238700,20250220,2
IDFM:238700,20250219,2
IDFM:238700,20250218,2
IDFM:238700,20250217,2
IDFM:239074,20250220,2
IDFM:239074,20250219,2
IDFM:239074,20250218,2
IDFM:239074,20250217,2
IDFM:239316,20250211,1
IDFM:239316,20250210,1
IDFM:239316,20250221,2
IDFM:239316,20250220,2
IDFM:239316,20250219,2
IDFM:239316,20250225,1
IDFM:239316,20250224,1
IDFM:239689,20250211,1
IDFM:239689,20250210,1
IDFM:239689,20250220,2
IDFM:239689,20250219,2
IDFM:239689,20250225,1
IDFM:239689,20250224,1
IDFM:239792,20250220,1
IDFM:239792,20250219,1
IDFM:239792,20250218,1
IDFM:239792,20250217,1
IDFM:240009,20250223,1
IDFM:240974,20250212,2
IDFM:240974,20250218,1
IDFM:240974,20250225,1
IDFM:240975,20250212,2
IDFM:240975,20250218,1
IDFM:240975,20250225,1
IDFM:241041,20250212,1
IDFM:241041,20250211,1
IDFM:244348,20250211,1
IDFM:244348,20250210,1
IDFM:244348,20250221,2
IDFM:244348,20250220,2
IDFM:244348,20250219,2
IDFM:244382,20250221,1
IDFM:244382,20250220,1
IDFM:244382,20250219,1
IDFM:244382,20250218,1
IDFM:244382,20250217,1
IDFM:244382,20250228,1
IDFM:244382,20250227,1
IDFM:244382,20250226,1
IDFM:244382,20250225,1
IDFM:244382,20250224,1
IDFM:245197,20250210,1
IDFM:245211,20250221,1
IDFM:245211,20250218,1
IDFM:245211,20250228,1
IDFM:245211,20250225,1
IDFM:245216,20250207,1
IDFM:245216,20250214,1
IDFM:245216,20250211,1
IDFM:245232,20250211,1
IDFM:245315,20250221,1
IDFM:245315,20250218,1
IDFM:245315,20250228,1
IDFM:245315,20250225,1
IDFM:245427,20250210,1
IDFM:245427,20250220,2
IDFM:245427,20250219,2
IDFM:245456,20250211,1
IDFM:245456,20250221,2
IDFM:245712,20250220,1
IDFM:245712,20250219,1
IDFM:245712,20250217,1
IDFM:245712,20250227,1
IDFM:245712,20250226,1
IDFM:245712,20250224,1
IDFM:245983,20250221,1
IDFM:245983,20250218,1
IDFM:245983,20250228,1
IDFM:245983,20250225,1
IDFM:245987,20250220,1
IDFM:245987,20250219,1
IDFM:245987,20250217,1
IDFM:245987,20250227,1
IDFM:245987,20250226,1
IDFM:245987,20250224,1
IDFM:245998,20250220,1
IDFM:245998,20250219,1
IDFM:245998,20250217,1
IDFM:245998,20250227,1
IDFM:245998,20250226,1
IDFM:245998,20250224,1
IDFM:246015,20250210,1
IDFM:246015,20250220,2
IDFM:246015,20250219,2
IDFM:246019,20250211,1
IDFM:246019,20250221,2
IDFM:246031,20250221,1
IDFM:246031,20250218,1
IDFM:246031,20250228,1
IDFM:246031,20250225,1
IDFM:246040,20250211,1
IDFM:246040,20250221,2
IDFM:246086,20250221,1
IDFM:246086,20250218,1
IDFM:246086,20250228,1
IDFM:246086,20250225,1
IDFM:246088,20250220,1
IDFM:246088,20250219,1
IDFM:246088,20250217,1
IDFM:246088,20250227,1
IDFM:246088,20250226,1
IDFM:246088,20250224,1
IDFM:246092,20250206,1
IDFM:246092,20250205,1
IDFM:246092,20250213,1
IDFM:246092,20250212,1
IDFM:246092,20250210,1
IDFM:246131,20250221,1
IDFM:246131,20250218,1
IDFM:246131,20250228,1
IDFM:246131,20250225,1
IDFM:246288,20250221,1
IDFM:246288,20250218,1
IDFM:246288,20250228,1
IDFM:246288,20250225,1
IDFM:246339,20250206,1
IDFM:246339,20250205,1
IDFM:246339,20250213,1
IDFM:246339,20250212,1
IDFM:246339,20250210,1
IDFM:246343,20250207,1
IDFM:246343,20250214,1
IDFM:246343,20250211,1
IDFM:246344,20250206,1
IDFM:246344,20250205,1
IDFM:246344,20250213,1
IDFM:246344,20250212,1
IDFM:246344,20250210,1
IDFM:246389,20250206,1
IDFM:246389,20250205,1
IDFM:246389,20250213,1
IDFM:246389,20250212,1
IDFM:246389,20250210,1
IDFM:246389,20250221,1
IDFM:246389,20250218,1
IDFM:246389,20250228,1
IDFM:246389,20250225,1
IDFM:246402,20250210,1
IDFM:246402,20250220,2
IDFM:246402,20250219,2
IDFM:246469,20250207,1
IDFM:246469,20250214,1
IDFM:246469,20250211,1
IDFM:246469,20250220,1
IDFM:246469,20250219,1
IDFM:246469,20250217,1
IDFM:246469,20250227,1
IDFM:246469,20250226,1
IDFM:246469,20250224,1
IDFM:246541,20250207,1
IDFM:246541,20250214,1
IDFM:246541,20250211,1
IDFM:246541,20250220,1
IDFM:246541,20250219,1
IDFM:246541,20250217,1
IDFM:246541,20250227,1
IDFM:246541,20250226,1
IDFM:246541,20250224,1
IDFM:247754,20250211,1
IDFM:247754,20250210,1
IDFM:247754,20250222,1
IDFM:247754,20250221,2
IDFM:247754,20250220,2
IDFM:247754,20250219,2
IDFM:248033,20250211,1
IDFM:248033,20250210,1
IDFM:248033,20250222,2
IDFM:248033,20250221,2
IDFM:248033,20250220,2
IDFM:248033,20250219,2
IDFM:248034,20250222,2
IDFM:248089,20250208,1
IDFM:248089,20250215,1
IDFM:248089,20250221,1
IDFM:248089,20250220,1
IDFM:248089,20250219,1
IDFM:248089,20250218,1
IDFM:248089,20250217,1
IDFM:248089,20250228,1
IDFM:248089,20250227,1
IDFM:248089,20250226,1
IDFM:248089,20250225,1
IDFM:248089,20250224,1
IDFM:248092,20250208,1
IDFM:248092,20250215,1
IDFM:248109,20250208,1
IDFM:248109,20250215,1
IDFM:248395,20250301,1
IDFM:250358,20250222,1
IDFM:250366,20250206,1
IDFM:250366,20250205,1
IDFM:250366,20250213,1
IDFM:250366,20250212,1
IDFM:250366,20250211,1
IDFM:250366,20250210,1
IDFM:250367,20250209,2
IDFM:250367,20250211,1
IDFM:250367,20250210,1
IDFM:250367,20250221,2
IDFM:250367,20250220,2
IDFM:250367,20250219,2
IDFM:250601,20250209,1
IDFM:250601,20250211,1
IDFM:250601,20250210,1
IDFM:250601,20250222,1
IDFM:250601,20250221,2
IDFM:250601,20250220,2
IDFM:250601,20250219,2
IDFM:250609,20250222,1
IDFM:250613,20250209,1
IDFM:250613,20250211,1
IDFM:250613,20250210,1
IDFM:250615,20250221,1
IDFM:250615,20250228,1
IDFM:250616,20250222,1
IDFM:250616,20250221,1
IDFM:250616,20250228,1
IDFM:250619,20250209,1
IDFM:250687,20250209,1
IDFM:250687,20250211,1
IDFM:250687,20250210,1
IDFM:250720,20250209,2
IDFM:250721,20250222,1
IDFM:250722,20250216,1
IDFM:250722,20250223,1
IDFM:250775,20250209,2
IDFM:250775,20250211,1
IDFM:250775,20250210,1
IDFM:250775,20250222,2
IDFM:250775,20250221,2
IDFM:250775,20250220,2
IDFM:250775,20250219,2
IDFM:250776,20250216,1
IDFM:250776,20250223,1
IDFM:250776,20250221,1
IDFM:250776,20250220,1
IDFM:250776,20250219,1
IDFM:250776,20250218,1
IDFM:250776,20250217,1
IDFM:250776,20250228,1
IDFM:250776,20250227,1
IDFM:250776,20250226,1
IDFM:250776,20250225,1
IDFM:250776,20250224,1
IDFM:252291,20250207,1
IDFM:252291,20250214,1
IDFM:252291,20250211,1
IDFM:252291,20250210,1
IDFM:252291,20250222,1
IDFM:252291,20250220,2
IDFM:252291,20250219,2
IDFM:252291,20250301,1
IDFM:252291,20250227,2
IDFM:252291,20250226,2
IDFM:252291,20250304,1
IDFM:252291,20250303,1
IDFM:252713,20250209,2
IDFM:252713,20250221,1
IDFM:252713,20250220,1
IDFM:252713,20250219,1
IDFM:252713,20250218,1
IDFM:252713,20250217,1
IDFM:252713,20250228,1
IDFM:252713,20250227,1
IDFM:252713,20250226,1
IDFM:252713,20250225,1
IDFM:252713,20250224,1
IDFM:253065,20250209,2
IDFM:263732,20250210,1
IDFM:263758,20250211,1
IDFM:271432,20250214,2
IDFM:271432,20250213,2
IDFM:271432,20250212,2
IDFM:271432,20250211,2
IDFM:271432,20250210,2
IDFM:271432,20250221,2
IDFM:271432,20250220,2
IDFM:271432,20250219,2
IDFM:271432,20250218,2
IDFM:271432,20250217,2
IDFM:271437,20250214,2
IDFM:271437,20250213,2
IDFM:271437,20250211,2
IDFM:271437,20250210,2
IDFM:271437,20250221,2
IDFM:271437,20250220,2
IDFM:271437,20250218,2
IDFM:271437,20250217,2
IDFM:271438,20250212,2
IDFM:271438,20250219,2
IDFM:271548,20250214,2
IDFM:271548,20250221,2
IDFM:278706,20250219,1
IDFM:278706,20250226,1
IDFM:279939,20250222,1
IDFM:279939,20250301,1
IDFM:296306,20250221,1
IDFM:296306,20250220,1
IDFM:296306,20250218,1
IDFM:296306,20250217,1
IDFM:296306,20250228,1
IDFM:296306,20250227,1
IDFM:296306,20250225,1
IDFM:296306,20250224,1
IDFM:297859,20250211,1
IDFM:298532,20250210,1
IDFM:298536,20250211,1
IDFM:298536,20250210,1
IDFM:299358,20250210,1
IDFM:302353,20250211,1
IDFM:302353,20250210,1
IDFM:307414,20250210,1
IDFM:315296,20250210,1
IDFM:315327,20250211,1
IDFM:315327,20250210,1
IDFM:343785,20250222,2
IDFM:343785,20250221,2
IDFM:343785,20250220,2
IDFM:343785,20250219,2
IDFM:343785,20250218,2
IDFM:343785,20250301,2
IDFM:343785,20250228,2
IDFM:343785,20250227,2
IDFM:343785,20250226,2
IDFM:343785,20250225,2
IDFM:353164,20250211,1
IDFM:353164,20250210,1
IDFM:356493,20250211,1
IDFM:373200,20250222,2
IDFM:373200,20250221,2
IDFM:373200,20250220,2
IDFM:373200,20250218,2
IDFM:373200,20250217,2
IDFM:373200,20250301,2
IDFM:373200,20250228,2
IDFM:373200,20250227,2
IDFM:373200,20250225,2
IDFM:373200,20250224,2
IDFM:374946,20250207,1
IDFM:374946,20250213,2
IDFM:374946,20250212,2
IDFM:374946,20250220,2
IDFM:374946,20250219,2
IDFM:374946,20250227,2
IDFM:374946,20250226,2
IDFM:374946,20250304,1
IDFM:374946,20250303,1
IDFM:375190,20250223,2
IDFM:375282,20250211,1
IDFM:375282,20250221,2
IDFM:375282,20250220,2
IDFM:375282,20250219,2
IDFM:375282,20250217,2
IDFM:375282,20250228,2
IDFM:375282,20250227,2
IDFM:375282,20250226,2
IDFM:375282,20250224,2
IDFM:377321,20250211,1
IDFM:377321,20250222,2
IDFM:377321,20250221,2
IDFM:377321,20250220,2
IDFM:377321,20250219,2
IDFM:377321,20250217,2
IDFM:377321,20250301,2
IDFM:377321,20250228,2
IDFM:377321,20250227,2
IDFM:377321,20250226,2
IDFM:377321,20250224,2
IDFM:377426,20250211,1
IDFM:377426,20250223,2
IDFM:377426,20250221,2
IDFM:377426,20250220,2
IDFM:377426,20250219,2
IDFM:377426,20250217,2
IDFM:377426,20250302,2
IDFM:377426,20250228,2
IDFM:377426,20250227,2
IDFM:377426,20250226,2
IDFM:377426,20250224,2
IDFM:377864,20250223,2
IDFM:377889,20250223,2
IDFM:380820,20250223,2
IDFM:388535,20250219,2
IDFM:388535,20250218,2
IDFM:388535,20250217,2
IDFM:388535,20250226,2
IDFM:388535,20250225,2
IDFM:388535,20250224,2
IDFM:388723,20250221,2
IDFM:388723,20250219,2
IDFM:388723,20250218,2
IDFM:388723,20250217,2
IDFM:388723,20250228,2
IDFM:388723,20250226,2
IDFM:388723,20250225,2
IDFM:388723,20250224,2
IDFM:396970,20250209,1
IDFM:407478,20250302,1
IDFM:TN:18732225,20250225,2
IDFM:TN:18734264,20250207,1
IDFM:TN:18734264,20250210,1
IDFM:TN:18734264,20250228,1
IDFM:TN:18734264,20250303,1
IDFM:TN:18734310,20250228,1
IDFM:TN:18734310,20250303,1
IDFM:TN:18734330,20250217,1
IDFM:TN:18734406,20250302,1
IDFM:TN:18734406,20250301,1
IDFM:TN:18734406,20250228,1
IDFM:TN:18734406,20250303,1
IDFM:TN:18734507,20250211,1
IDFM:TN:18734627,20250301,1
IDFM:TN:18734627,20250228,1
IDFM:TN:18734627,20250304,1
IDFM:TN:18734891,20250221,1
IDFM:TN:18734891,20250217,1
IDFM:TN:18734893,20250222,1
IDFM:TN:18734893,20250224,2
IDFM:TN:18735363,20250302,1
IDFM:TN:18735363,20250301,1
IDFM:TN:18735364,20250213,2
IDFM:TN:18735364,20250212,2
IDFM:TN:18735364,20250211,2
IDFM:TN:18735364,20250210,2
IDFM:TN:18735394,20250302,1
IDFM:TN:18735394,20250301,1
IDFM:TN:18735394,20250228,1
IDFM:TN:18735414,20250214,1
IDFM:TN:18735762,20250301,2
IDFM:TN:18735770,20250216,2
IDFM:TN:18735826,20250221,1
IDFM:TN:18735826,20250220,1
IDFM:TN:18735826,20250219,1
IDFM:TN:18735826,20250218,1
IDFM:TN:18735826,20250217,1
IDFM:TN:18735828,20250209,2
IDFM:TN:18735850,20250215,2
IDFM:TN:18735850,20250222,2
IDFM:TN:18735851,20250216,2
IDFM:TN:18735851,20250215,2
IDFM:TN:18735851,20250223,2
IDFM:TN:18735851,20250222,2
IDFM:TN:18735858,20250208,1
IDFM:TN:18735858,20250216,2
IDFM:TN:18735858,20250223,2
IDFM:TN:18735859,20250209,1
IDFM:TN:18735859,20250215,2
IDFM:TN:18735859,20250222,2
IDFM:TN:18735860,20250215,2
IDFM:TN:18735860,20250222,2
IDFM:TN:18735860,20250302,1
IDFM:TN:18735861,20250216,2
IDFM:TN:18735861,20250223,2
IDFM:TN:18735866,20250210,1
IDFM:TN:18735866,20250303,1
IDFM:TN:18736304,20250209,1
IDFM:TN:18736304,20250208,1
IDFM:TN:18736304,20250302,1
IDFM:TN:18736304,20250301,1
IDFM:TN:18736306,20250209,1
IDFM:TN:18736306,20250208,1
IDFM:TN:18736306,20250302,1
IDFM:TN:18736306,20250301,1
IDFM:TN:18736306,20250225,2
IDFM:TN:18736414,20250214,2
IDFM:TN:18736414,20250213,2
IDFM:TN:18736414,20250212,2
IDFM:TN:18736414,20250211,2
IDFM:TN:18736414,20250221,2
IDFM:TN:18736414,20250220,2
IDFM:TN:18736414,20250219,2
IDFM:TN:18736414,20250218,2
IDFM:TN:18736414,20250303,1
IDFM:TN:18736423,20250210,1
IDFM:TN:18736911,20250209,1
IDFM:TN:18736911,20250208,1
IDFM:TN:18736911,20250213,2
IDFM:TN:18736911,20250212,2
IDFM:TN:18736911,20250211,2
IDFM:TN:18736911,20250228,1
IDFM:TN:18736911,20250303,1
IDFM:TN:18736916,20250209,1
IDFM:TN:18736916,20250208,1
IDFM:TN:18736944,20250213,1
IDFM:TN:18736944,20250212,1
IDFM:TN:18736944,20250211,1
IDFM:TN:18736964,20250228,1
IDFM:TN:18736964,20250303,1
IDFM:TN:18737143,20250221,1
IDFM:TN:18737574,20250213,1
IDFM:TN:18737574,20250212,1
IDFM:TN:18737574,20250211,1
IDFM:TN:18737574,20250210,1
IDFM:TN:18738495,20250215,1
IDFM:TN:18738508,20250301,2
IDFM:TN:18738528,20250222,1
IDFM:TN:18738927,20250223,1
IDFM:TN:18738951,20250302,1
IDFM:TN:18738954,20250223,2
IDFM:TN:18738955,20250222,1
IDFM:TN:18739000,20250301,1
IDFM:TN:18739053,20250221,2
IDFM:TN:18739053,20250220,2
IDFM:TN:18739053,20250219,2
IDFM:TN:18739053,20250218,2
IDFM:TN:18739053,20250217,2
IDFM:TN:18739053,20250228,2
IDFM:TN:18739053,20250227,2
IDFM:TN:18739053,20250226,2
IDFM:TN:18739053,20250225,2
IDFM:TN:18739053,20250224,2
IDFM:TN:18739074,20250209,1
IDFM:TN:18739074,20250214,1
IDFM:TN:18739074,20250220,2
IDFM:TN:18739074,20250219,2
IDFM:TN:18739074,20250218,2
IDFM:TN:18739074,20250217,2
IDFM:TN:18739074,20250227,2
IDFM:TN:18739074,20250226,2
IDFM:TN:18739074,20250225,2
IDFM:TN:18739074,20250224,2
IDFM:TN:18739077,20250214,1
IDFM:TN:18739077,20250213,1
IDFM:TN:18739077,20250212,1
IDFM:TN:18739077,20250211,1
IDFM:TN:18739077,20250210,1
IDFM:TN:18739077,20250215,2
IDFM:TN:18739083,20250214,1
IDFM:TN:18739083,20250210,1
IDFM:TN:18739083,20250220,2
IDFM:TN:18739083,20250219,2
IDFM:TN:18739083,20250218,2
IDFM:TN:18739083,20250227,2
IDFM:TN:18739083,20250226,2
IDFM:TN:18739083,20250225,2
IDFM:TN:18739105,20250218,1
IDFM:TN:18739107,20250218,1
IDFM:TN:18739118,20250303,1
IDFM:TN:18739440,20250301,1
IDFM:TN:18739467,20250216,2
IDFM:TN:18739467,20250222,1
IDFM:TN:18739468,20250223,1
IDFM:TN:18739468,20250222,1
IDFM:TN:18739468,20250302,1
IDFM:TN:18739468,20250301,1
IDFM:TN:18739469,20250302,1
IDFM:TN:18739469,20250301,1
IDFM:TN:18739474,20250302,1
IDFM:TN:18739474,20250301,1
IDFM:TN:18739534,20250214,1
IDFM:TN:18739534,20250213,1
IDFM:TN:18739534,20250212,1
IDFM:TN:18739534,20250211,1
IDFM:TN:18739534,20250210,1
IDFM:TN:18739552,20250221,1
IDFM:TN:18739552,20250219,2
IDFM:TN:18739555,20250219,1
IDFM:TN:18739559,20250306,1
IDFM:TN:18739559,20250305,1
IDFM:TN:18739559,20250304,1
IDFM:TN:18739559,20250303,1
IDFM:TN:18739719,20250209,1
IDFM:TN:18739724,20250216,1
IDFM:TN:18739724,20250215,1
IDFM:TN:18739724,20250214,1
IDFM:TN:18739724,20250220,2
IDFM:TN:18739724,20250219,2
IDFM:TN:18739724,20250218,2
IDFM:TN:18739724,20250217,2
IDFM:TN:18739724,20250227,2
IDFM:TN:18739724,20250226,2
IDFM:TN:18739724,20250225,2
IDFM:TN:18739724,20250224,2
IDFM:TN:18739727,20250214,1
IDFM:TN:18739727,20250213,1
IDFM:TN:18739727,20250212,1
IDFM:TN:18739727,20250211,1
IDFM:TN:18739980,20250218,2
IDFM:TN:18740086,20250213,1
IDFM:TN:18740086,20250212,1
IDFM:TN:18740086,20250211,1
IDFM:TN:18740189,20250214,1
IDFM:TN:18740189,20250220,2
IDFM:TN:18740189,20250219,2
IDFM:TN:18740189,20250218,2
IDFM:TN:18740189,20250227,2
IDFM:TN:18740189,20250226,2
IDFM:TN:18740189,20250225,2
IDFM:TN:18740189,20250303,1
IDFM:TN:18740192,20250216,1
IDFM:TN:18740192,20250215,1
IDFM:TN:18740194,20250221,2
IDFM:TN:18740194,20250219,2
IDFM:TN:18740204,20250306,1
IDFM:TN:18740204,20250305,1
IDFM:TN:18740204,20250304,1
IDFM:TN:18740204,20250303,1
IDFM:TN:18740207,20250216,1
IDFM:TN:18740207,20250215,1
IDFM:TN:18740207,20250221,1
IDFM:TN:18740207,20250302,1
IDFM:TN:18740207,20250301,1
IDFM:TN:18740207,20250228,1
IDFM:TN:18740215,20250221,1
IDFM:TN:18740215,20250227,2
IDFM:TN:18740215,20250226,2
IDFM:TN:18740219,20250302,1
IDFM:TN:18740219,20250301,1
IDFM:TN:18740225,20250225,2
IDFM:TN:18740247,20250303,1
IDFM:TN:18740250,20250223,1
IDFM:TN:18740472,20250301,2
IDFM:TN:18740474,20250228,1
IDFM:TN:18740474,20250227,1
IDFM:TN:18740474,20250302,2
IDFM:TN:18740474,20250301,2
IDFM:TN:18740474,20250306,1
IDFM:TN:18740491,20250221,2
IDFM:TN:18740491,20250220,2
IDFM:TN:18740491,20250219,2
IDFM:TN:18740491,20250218,2
IDFM:TN:18740491,20250217,2
IDFM:TN:18740691,20250209,2
IDFM:TN:18740693,20250209,1
IDFM:TN:18740715,20250228,1
IDFM:TN:18740715,20250227,1
IDFM:TN:18740715,20250306,1
IDFM:TN:18740716,20250216,1
IDFM:TN:18740716,20250223,1
IDFM:TN:18740726,20250212,1
IDFM:TN:18740735,20250228,1
IDFM:TN:18740735,20250227,1
IDFM:TN:18740735,20250225,1
IDFM:TN:18740735,20250224,1
IDFM:TN:18740922,20250217,2
IDFM:TN:18740922,20250302,2
IDFM:TN:18740922,20250227,2
IDFM:TN:18740922,20250226,2
IDFM:TN:18740922,20250225,2
IDFM:TN:18740922,20250224,2
IDFM:TN:18740926,20250221,1
IDFM:TN:18740926,20250217,1
IDFM:TN:18740926,20250227,2
IDFM:TN:18740926,20250304,1
IDFM:TN:18741007,20250221,1
IDFM:TN:18741007,20250220,1
IDFM:TN:18741007,20250219,1
IDFM:TN:18741007,20250218,1
IDFM:TN:18741318,20250221,2
IDFM:TN:18741318,20250220,2
IDFM:TN:18741318,20250219,2
IDFM:TN:18741318,20250218,2
IDFM:TN:18741318,20250217,2
IDFM:TN:18741379,20250228,1
IDFM:TN:18741379,20250227,1
IDFM:TN:18741379,20250226,1
IDFM:TN:18741379,20250225,1
IDFM:TN:18741379,20250224,1
IDFM:TN:18741379,20250306,1
IDFM:TN:18741379,20250305,1
IDFM:TN:18741379,20250304,1
IDFM:TN:18741379,20250303,1
IDFM:TN:18741860,20250214,1
IDFM:TN:18741860,20250221,1
IDFM:TN:18741860,20250217,1
IDFM:TN:18741860,20250224,1
IDFM:TN:18741972,20250207,1
IDFM:TN:18741972,20250210,1
IDFM:TN:18741972,20250228,1
IDFM:TN:18741972,20250303,1
IDFM:TN:18742096,20250214,1
IDFM:TN:18742096,20250221,1
IDFM:TN:18742096,20250217,1
IDFM:TN:18742096,20250224,1
IDFM:TN:18743441,20250208,1
IDFM:TN:18743441,20250207,1
IDFM:TN:18743441,20250210,1
IDFM:TN:18743441,20250228,1
IDFM:TN:18743441,20250303,1
IDFM:TN:18744027,20250223,2
IDFM:TN:18744027,20250222,2
IDFM:TN:18744041,20250216,1
IDFM:TN:18744047,20250208,1
IDFM:TN:18744047,20250216,2
IDFM:TN:18744064,20250223,2
IDFM:TN:18744441,20250210,2
IDFM:TN:18745418,20250222,2
IDFM:TN:18745430,20250216,2
IDFM:TN:18745430,20250215,2
IDFM:TN:18745436,20250223,2
IDFM:TN:18745446,20250215,2
IDFM:TN:18745491,20250216,2
IDFM:TN:18745491,20250217,2
IDFM:TN:18745641,20250216,2
IDFM:TN:18745641,20250215,2
IDFM:TN:18745650,20250223,2
IDFM:TN:18745650,20250222,2
IDFM:TN:18745983,20250228,1
IDFM:TN:18745987,20250301,1
IDFM:TN:18746031,20250222,2
IDFM:TN:18746327,20250228,1
IDFM:TN:18746409,20250215,1
IDFM:TN:18746409,20250214,1
IDFM:TN:18746409,20250213,1
IDFM:TN:18746409,20250212,1
IDFM:TN:18746409,20250211,1
IDFM:TN:18746409,20250222,1
IDFM:TN:18746720,20250301,1
IDFM:TN:18747526,20250302,1
IDFM:TN:18747526,20250301,1
IDFM:TN:18747526,20250228,1
IDFM:TN:18747529,20250302,1
IDFM:TN:18747529,20250303,1
IDFM:TN:18747678,20250215,1
IDFM:TN:18747678,20250214,1
IDFM:TN:18747678,20250213,1
IDFM:TN:18747678,20250212,1
IDFM:TN:18747678,20250211,1
IDFM:TN:18747678,20250222,1
IDFM:TN:18748966,20250213,1
IDFM:TN:18748966,20250212,1
IDFM:TN:18748966,20250211,1
IDFM:TN:18749331,20250207,1
IDFM:TN:18749331,20250214,1
IDFM:TN:18750720,20250207,1
IDFM:TN:18750720,20250220,2
IDFM:TN:18750720,20250219,2
IDFM:TN:18750720,20250218,2
IDFM:TN:18750720,20250217,2
IDFM:TN:18750720,20250227,2
IDFM:TN:18750720,20250226,2
IDFM:TN:18750720,20250225,2
IDFM:TN:18750720,20250224,2
IDFM:TN:18750884,20250216,2
IDFM:TN:18750884,20250223,2
IDFM:TN:18750884,20250303,1
IDFM:TN:18750887,20250220,2
IDFM:TN:18750887,20250219,2
IDFM:TN:18750887,20250218,2
IDFM:TN:18750887,20250217,2
IDFM:TN:18750887,20250227,2
IDFM:TN:18750887,20250226,2
IDFM:TN:18750887,20250225,2
IDFM:TN:18750887,20250224,2
IDFM:TN:18750901,20250208,1
IDFM:TN:18750901,20250221,2
IDFM:TN:18750901,20250220,2
IDFM:TN:18750901,20250219,2
IDFM:TN:18750901,20250218,2
IDFM:TN:18750901,20250228,2
IDFM:TN:18750901,20250227,2
IDFM:TN:18750901,20250226,2
IDFM:TN:18750901,20250225,2
IDFM:TN:18751341,20250228,1
IDFM:TN:18751515,20250301,1
IDFM:TN:18752356,20250207,1
IDFM:TN:18752356,20250217,2
IDFM:TN:18752356,20250224,2
IDFM:TN:18752356,20250306,1
IDFM:TN:18752356,20250305,1
IDFM:TN:18752356,20250304,1
IDFM:TN:18752398,20250217,2
IDFM:TN:18752398,20250224,2
IDFM:TN:18752398,20250306,1
IDFM:TN:18752398,20250305,1
IDFM:TN:18752398,20250304,1
IDFM:TN:18755855,20250213,2
IDFM:TN:18755855,20250212,2
IDFM:TN:18755855,20250211,2
IDFM:TN:18755855,20250210,2
IDFM:TN:18755971,20250213,2
IDFM:TN:18755971,20250212,2
IDFM:TN:18755971,20250211,2
IDFM:TN:18755971,20250210,2
IDFM:TN:18755971,20250221,1
IDFM:TN:18755971,20250228,1
IDFM:TN:18755988,20250221,2
IDFM:TN:18755988,20250220,2
IDFM:TN:18755988,20250219,2
IDFM:TN:18755988,20250218,2
IDFM:TN:18755988,20250217,2
IDFM:TN:18756033,20250207,1
IDFM:TN:18756033,20250213,2
IDFM:TN:18756033,20250212,2
IDFM:TN:18756033,20250211,2
IDFM:TN:18756033,20250228,1
IDFM:TN:18756033,20250303,1
IDFM:TN:18756092,20250214,1
IDFM:TN:18756092,20250212,1
IDFM:TN:18756092,20250210,1
IDFM:TN:18756099,20250227,1
IDFM:TN:18756099,20250225,1
IDFM:TN:18756117,20250223,1
IDFM:TN:18756118,20250227,2
IDFM:TN:18756118,20250226,2
IDFM:TN:18756118,20250225,2
IDFM:TN:18756118,20250224,2
IDFM:TN:18756156,20250213,1
IDFM:TN:18756156,20250221,2
IDFM:TN:18756156,20250217,2
IDFM:TN:18756177,20250217,1
IDFM:TN:18756187,20250213,1
IDFM:TN:18756187,20250221,2
IDFM:TN:18756187,20250306,1
IDFM:TN:18756187,20250304,2
IDFM:TN:18756217,20250221,1
IDFM:TN:18756217,20250217,1
IDFM:TN:18756222,20250217,2
IDFM:TN:18756222,20250224,2
IDFM:TN:18756223,20250214,2
IDFM:TN:18756223,20250213,2
IDFM:TN:18756223,20250212,2
IDFM:TN:18756223,20250211,2
IDFM:TN:18756227,20250212,2
IDFM:TN:18756227,20250211,2
IDFM:TN:18756376,20250216,1
IDFM:TN:18756376,20250223,1
IDFM:TN:18756401,20250221,1
IDFM:TN:18756401,20250220,1
IDFM:TN:18756401,20250219,1
IDFM:TN:18756401,20250218,1
IDFM:TN:18756427,20250222,1
IDFM:TN:18756427,20250301,1
IDFM:TN:18756449,20250225,2
IDFM:TN:18756488,20250223,2
IDFM:TN:18756488,20250301,1
IDFM:TN:18756576,20250214,2
IDFM:TN:18756576,20250213,2
IDFM:TN:18756576,20250212,2
IDFM:TN:18756576,20250211,2
IDFM:TN:18756576,20250210,2
IDFM:TN:18756578,20250215,2
IDFM:TN:18756581,20250216,2
IDFM:TN:18756654,20250215,2
IDFM:TN:18756868,20250217,1
IDFM:TN:18757073,20250221,1
IDFM:TN:18757073,20250227,2
IDFM:TN:18757073,20250226,2
IDFM:TN:18757073,20250225,2
IDFM:TN:18757073,20250224,2
IDFM:TN:18757837,20250301,1
IDFM:TN:18757886,20250228,1
IDFM:TN:18757886,20250227,1
IDFM:TN:18757886,20250226,1
IDFM:TN:18757886,20250225,1
IDFM:TN:18757886,20250306,1
IDFM:TN:18757886,20250305,1
IDFM:TN:18757886,20250304,1
IDFM:TN:18760035,20250216,1
IDFM:TN:18760035,20250223,1
IDFM:TN:18760154,20250208,1
IDFM:TN:18760154,20250211,1
IDFM:TN:18760154,20250301,1
IDFM:TN:18760154,20250304,1
IDFM:TN:18761762,20250214,2
IDFM:TN:18761762,20250213,2
IDFM:TN:18761762,20250212,2
IDFM:TN:18761762,20250211,2
IDFM:TN:18761762,20250210,2
IDFM:TN:18761762,20250221,2
IDFM:TN:18761762,20250220,2
IDFM:TN:18761762,20250219,2
IDFM:TN:18761762,20250218,2
IDFM:TN:18761762,20250217,2
IDFM:TN:18762383,20250213,1
IDFM:TN:18762383,20250210,1
IDFM:TN:18762383,20250220,1
IDFM:TN:18762383,20250219,1
IDFM:TN:18762383,20250218,1
IDFM:TN:18762383,20250217,1
IDFM:TN:18762412,20250212,1
IDFM:TN:18762412,20250210,1
IDFM:TN:18762412,20250220,1
IDFM:TN:18762412,20250219,1
IDFM:TN:18762412,20250218,1
IDFM:TN:18762412,20250217,1
IDFM:TN:18762412,20250228,2
IDFM:TN:18762457,20250220,2
IDFM:TN:18762457,20250228,1
IDFM:TN:18762457,20250226,1
IDFM:TN:18762457,20250225,1
IDFM:TN:18762457,20250224,1
IDFM:TN:18762606,20250214,2
IDFM:TN:18762606,20250221,2
IDFM:TN:18763079,20250214,1
IDFM:TN:18763079,20250213,1
IDFM:TN:18763079,20250212,1
IDFM:TN:18763079,20250211,1
IDFM:TN:18763079,20250210,1
IDFM:TN:18763079,20250221,1
IDFM:TN:18763079,20250220,1
IDFM:TN:18763079,20250219,1
IDFM:TN:18763079,20250218,1
IDFM:TN:18763079,20250217,1
IDFM:TN:18763080,20250214,1
IDFM:TN:18763080,20250213,1
IDFM:TN:18763080,20250212,1
IDFM:TN:18763080,20250211,1
IDFM:TN:18763080,20250210,1
IDFM:TN:18763080,20250221,1
IDFM:TN:18763080,20250220,1
IDFM:TN:18763080,20250219,1
IDFM:TN:18763080,20250218,1
IDFM:TN:18763080,20250217,1
IDFM:TN:18763207,20250214,1
IDFM:TN:18763207,20250213,1
IDFM:TN:18763207,20250212,1
IDFM:TN:18763207,20250211,1
IDFM:TN:18763207,20250210,1
IDFM:TN:18763207,20250221,1
IDFM:TN:18763207,20250220,1
IDFM:TN:18763207,20250219,1
IDFM:TN:18763207,20250218,1
IDFM:TN:18763207,20250217,1
IDFM:TN:18764638,20250303,1
IDFM:TN:18764639,20250304,2
IDFM:TN:18764639,20250303,2
IDFM:TN:18764673,20250212,1
IDFM:TN:18764673,20250210,1
IDFM:TN:18764673,20250219,1
IDFM:TN:18764673,20250217,1
IDFM:TN:18764673,20250228,2
IDFM:TN:18764673,20250227,2
IDFM:TN:18764705,20250222,1
IDFM:TN:18764705,20250301,1
IDFM:TN:18764709,20250302,1
IDFM:TN:18764710,20250302,1
IDFM:TN:18764717,20250216,2
IDFM:TN:18764799,20250305,2
IDFM:TN:18764811,20250305,1
IDFM:TN:18764841,20250302,1
IDFM:TN:18764845,20250213,2
IDFM:TN:18764845,20250212,2
IDFM:TN:18764845,20250211,2
IDFM:TN:18764845,20250221,1
IDFM:TN:18764845,20250228,1
IDFM:TN:18764935,20250213,2
IDFM:TN:18764935,20250212,2
IDFM:TN:18764935,20250211,2
IDFM:TN:18764935,20250210,2
IDFM:TN:18764935,20250221,1
IDFM:TN:18764935,20250302,1
IDFM:TN:18764935,20250228,1
IDFM:TN:18764984,20250301,1
IDFM:TN:18764984,20250228,1
IDFM:TN:18765017,20250302,1
IDFM:TN:18765017,20250306,1
IDFM:TN:18765017,20250305,1
IDFM:TN:18765017,20250304,1
IDFM:TN:18765017,20250303,1
IDFM:TN:18765057,20250306,1
IDFM:TN:18765057,20250305,1
IDFM:TN:18765057,20250304,1
IDFM:TN:18765113,20250224,2
IDFM:TN:18765159,20250216,2
IDFM:TN:18765159,20250215,2
IDFM:TN:18765159,20250223,2
IDFM:TN:18765247,20250222,1
IDFM:TN:04d593f0-a543-3849-aa8b-e3ed767637bd,20250209,1
IDFM:TN:04d593f0-a543-3849-aa8b-e3ed767637bd,20250208,1
IDFM:TN:0e5c01ab-6eca-3372-838a-2d8958dd013b,20250209,2
IDFM:TN:0744e542-2be7-3e31-8b9d-81487c2ccf0a,20250209,1
IDFM:TN:0744e542-2be7-3e31-8b9d-81487c2ccf0a,20250208,1
IDFM:TN:0744e542-2be7-3e31-8b9d-81487c2ccf0a,20250214,1
IDFM:TN:0744e542-2be7-3e31-8b9d-81487c2ccf0a,20250221,1
IDFM:TN:399a46fe-8c11-39ed-ba73-954f5bf93bdb,20250209,1
IDFM:TN:399a46fe-8c11-39ed-ba73-954f5bf93bdb,20250208,1
IDFM:TN:0051d31e-10c4-3dca-be4a-729aa72435b9,20250209,1
IDFM:TN:0051d31e-10c4-3dca-be4a-729aa72435b9,20250208,1
IDFM:TN:8bb3fec7-dfc8-34a0-bf5d-168865c0243e,20250208,1
IDFM:TN:8bb3fec7-dfc8-34a0-bf5d-168865c0243e,20250302,2
IDFM:TN:8bb3fec7-dfc8-34a0-bf5d-168865c0243e,20250227,2
IDFM:TN:ba3d8b41-c325-3f8a-8650-8938021f6fdf,20250214,1
IDFM:TN:ba3d8b41-c325-3f8a-8650-8938021f6fdf,20250221,1
IDFM:TN:ba3d8b41-c325-3f8a-8650-8938021f6fdf,20250227,2
IDFM:TN:ba3d8b41-c325-3f8a-8650-8938021f6fdf,20250226,2
IDFM:TN:3a4d9705-17ee-3867-9112-cffe087f82d3,20250302,2
IDFM:TN:6662e2d7-9369-3ad6-8a09-228c55a922f9,20250302,2
IDFM:TN:c5b8b2d9-b641-3240-b887-9f7c649d043c,20250216,1
IDFM:TN:c5b8b2d9-b641-3240-b887-9f7c649d043c,20250215,1
IDFM:TN:c5b8b2d9-b641-3240-b887-9f7c649d043c,20250223,1
IDFM:TN:3ce909dd-1315-37ec-888a-ccf3f1159f62,20250227,2
IDFM:TN:d090cf1f-2b3e-3f5f-83a8-2c3d41a229c6,20250216,1
IDFM:TN:d090cf1f-2b3e-3f5f-83a8-2c3d41a229c6,20250223,1
IDFM:TN:2ef5c0cd-b886-3232-8e12-1a85364c66b3,20250301,1
IDFM:TN:33e1ed92-09bf-349d-9d78-c10ea8b79823,20250218,2
IDFM:TN:981e7846-cf03-351d-bdb4-03196b6e8710,20250301,2
IDFM:TN:be68c978-9589-3f3c-943a-1b31611bc66b,20250226,2
IDFM:TN:29481afc-b012-3a9b-ae4f-d9ed2a849f87,20250226,2
IDFM:TN:2481c14f-8577-3865-a346-7d0f24b11f66,20250209,1
IDFM:TN:2481c14f-8577-3865-a346-7d0f24b11f66,20250208,1
IDFM:TN:2481c14f-8577-3865-a346-7d0f24b11f66,20250227,2
IDFM:TN:a9220b62-847a-39ec-977c-6cad55c0d3d1,20250209,1
IDFM:TN:a9220b62-847a-39ec-977c-6cad55c0d3d1,20250208,1
IDFM:TN:2eafa037-4948-3fd2-9953-48f883826ca6,20250218,2
IDFM:TN:3decc458-43dc-3959-a57e-192fb80dc82d,20250209,1
IDFM:TN:e04fcd1a-5d0c-3c9a-9fda-64f690e776c6,20250213,2
IDFM:TN:e04fcd1a-5d0c-3c9a-9fda-64f690e776c6,20250219,1
IDFM:TN:e04fcd1a-5d0c-3c9a-9fda-64f690e776c6,20250305,1
IDFM:TN:60f5d660-bc9f-3cb2-8091-553c48f69176,20250213,2
IDFM:TN:60f5d660-bc9f-3cb2-8091-553c48f69176,20250226,2
IDFM:TN:01839646-b38a-370f-9ca2-52d08022eebd,20250209,1
IDFM:TN:01839646-b38a-370f-9ca2-52d08022eebd,20250208,1
IDFM:TN:01839646-b38a-370f-9ca2-52d08022eebd,20250214,1
IDFM:TN:5e8ec111-ee9c-372f-831a-fd03e84ccfe8,20250209,1
IDFM:TN:5e8ec111-ee9c-372f-831a-fd03e84ccfe8,20250208,1
IDFM:TN:5e8ec111-ee9c-372f-831a-fd03e84ccfe8,20250213,1
IDFM:TN:5e8ec111-ee9c-372f-831a-fd03e84ccfe8,20250212,1
IDFM:TN:5e8ec111-ee9c-372f-831a-fd03e84ccfe8,20250211,1
IDFM:TN:b4c122ce-167e-33d6-8f40-c9a53c83855e,20250209,1
IDFM:TN:b4c122ce-167e-33d6-8f40-c9a53c83855e,20250208,1
IDFM:TN:b4c122ce-167e-33d6-8f40-c9a53c83855e,20250213,2
IDFM:TN:b4c122ce-167e-33d6-8f40-c9a53c83855e,20250212,2
IDFM:TN:b4c122ce-167e-33d6-8f40-c9a53c83855e,20250225,2
IDFM:TN:b4c122ce-167e-33d6-8f40-c9a53c83855e,20250224,2
IDFM:TN:eedc6461-5506-3619-ad73-761aaa2d2033,20250208,1
IDFM:TN:eedc6461-5506-3619-ad73-761aaa2d2033,20250214,1
IDFM:TN:eedc6461-5506-3619-ad73-761aaa2d2033,20250213,1
IDFM:TN:eedc6461-5506-3619-ad73-761aaa2d2033,20250211,1
IDFM:TN:eedc6461-5506-3619-ad73-761aaa2d2033,20250210,1
IDFM:TN:eedc6461-5506-3619-ad73-761aaa2d2033,20250221,1
IDFM:TN:eedc6461-5506-3619-ad73-761aaa2d2033,20250220,1
IDFM:TN:eedc6461-5506-3619-ad73-761aaa2d2033,20250218,1
IDFM:TN:eedc6461-5506-3619-ad73-761aaa2d2033,20250217,1
IDFM:TN:eedc6461-5506-3619-ad73-761aaa2d2033,20250302,1
IDFM:TN:eedc6461-5506-3619-ad73-761aaa2d2033,20250301,1
IDFM:TN:18586596-2862-3fb6-8f95-1dbe5c92046d,20250301,1
IDFM:TN:18586596-2862-3fb6-8f95-1dbe5c92046d,20250228,1
IDFM:TN:0900f8f6-7aaf-37b5-9d1f-f2293d74eb63,20250224,1
IDFM:TN:0900f8f6-7aaf-37b5-9d1f-f2293d74eb63,20250303,1
IDFM:TN:96572e9f-1903-3aab-a6ce-83c5100fc045,20250208,1
IDFM:TN:96572e9f-1903-3aab-a6ce-83c5100fc045,20250215,1
IDFM:TN:96572e9f-1903-3aab-a6ce-83c5100fc045,20250214,1
IDFM:TN:96572e9f-1903-3aab-a6ce-83c5100fc045,20250213,1
IDFM:TN:96572e9f-1903-3aab-a6ce-83c5100fc045,20250212,1
IDFM:TN:96572e9f-1903-3aab-a6ce-83c5100fc045,20250211,1
IDFM:TN:17854cc3-126d-3a6b-8c5d-46eb2c093ca4,20250210,1
IDFM:TN:17854cc3-126d-3a6b-8c5d-46eb2c093ca4,20250228,1
IDFM:TN:17854cc3-126d-3a6b-8c5d-46eb2c093ca4,20250303,1
IDFM:TN:10380380-0097-3733-8918-b4530d482b79,20250214,1
IDFM:TN:10380380-0097-3733-8918-b4530d482b79,20250220,2
IDFM:TN:10380380-0097-3733-8918-b4530d482b79,20250219,2
IDFM:TN:10380380-0097-3733-8918-b4530d482b79,20250218,2
IDFM:TN:10380380-0097-3733-8918-b4530d482b79,20250217,2
IDFM:TN:10380380-0097-3733-8918-b4530d482b79,20250227,2
IDFM:TN:10380380-0097-3733-8918-b4530d482b79,20250226,2
IDFM:TN:10380380-0097-3733-8918-b4530d482b79,20250225,2
IDFM:TN:10380380-0097-3733-8918-b4530d482b79,20250224,2
IDFM:TN:2f774802-fefc-38cf-ab75-72024bb4bf2d,20250214,1
IDFM:TN:2f774802-fefc-38cf-ab75-72024bb4bf2d,20250221,1
IDFM:TN:d6bd47f6-aa75-398a-9cb8-612d7be35335,20250221,1
IDFM:TN:d6bd47f6-aa75-398a-9cb8-612d7be35335,20250228,1
IDFM:TN:e3353315-68a0-3a2e-a59f-3eb56c74cb1d,20250214,1
IDFM:TN:e3353315-68a0-3a2e-a59f-3eb56c74cb1d,20250228,1
IDFM:TN:2ad33d19-51fc-3bc8-bf4e-0a78e262b0e5,20250209,1
IDFM:TN:2ad33d19-51fc-3bc8-bf4e-0a78e262b0e5,20250208,1
IDFM:TN:2ad33d19-51fc-3bc8-bf4e-0a78e262b0e5,20250302,1
IDFM:TN:2ad33d19-51fc-3bc8-bf4e-0a78e262b0e5,20250301,1
IDFM:TN:2ad33d19-51fc-3bc8-bf4e-0a78e262b0e5,20250228,1
IDFM:TN:e6da6033-4249-32b2-8aa1-58047076070a,20250208,1
IDFM:TN:e6da6033-4249-32b2-8aa1-58047076070a,20250215,1
IDFM:TN:e6da6033-4249-32b2-8aa1-58047076070a,20250214,1
IDFM:TN:e6da6033-4249-32b2-8aa1-58047076070a,20250213,1
IDFM:TN:e6da6033-4249-32b2-8aa1-58047076070a,20250212,1
IDFM:TN:e6da6033-4249-32b2-8aa1-58047076070a,20250211,1
IDFM:TN:e6da6033-4249-32b2-8aa1-58047076070a,20250216,2
IDFM:TN:e6da6033-4249-32b2-8aa1-58047076070a,20250217,2
IDFM:TN:e6da6033-4249-32b2-8aa1-58047076070a,20250306,1
IDFM:TN:e6da6033-4249-32b2-8aa1-58047076070a,20250305,1
IDFM:TN:e6da6033-4249-32b2-8aa1-58047076070a,20250304,1
IDFM:TN:a04aadd7-cfc5-323c-abc8-dad791a36e56,20250223,2
IDFM:TN:02423670-5a83-31b2-afc1-f9cdf48d4f30,20250214,1
IDFM:TN:02423670-5a83-31b2-afc1-f9cdf48d4f30,20250213,1
IDFM:TN:02423670-5a83-31b2-afc1-f9cdf48d4f30,20250212,1
IDFM:TN:02423670-5a83-31b2-afc1-f9cdf48d4f30,20250211,1
IDFM:TN:02423670-5a83-31b2-afc1-f9cdf48d4f30,20250210,1
IDFM:TN:02423670-5a83-31b2-afc1-f9cdf48d4f30,20250216,2
IDFM:TN:02423670-5a83-31b2-afc1-f9cdf48d4f30,20250215,2
IDFM:TN:02423670-5a83-31b2-afc1-f9cdf48d4f30,20250306,1
IDFM:TN:02423670-5a83-31b2-afc1-f9cdf48d4f30,20250305,1
IDFM:TN:02423670-5a83-31b2-afc1-f9cdf48d4f30,20250304,1
IDFM:TN:02423670-5a83-31b2-afc1-f9cdf48d4f30,20250303,1
IDFM:TN:6f87003d-dd9b-338f-99c5-d24000ede02e,20250208,1
IDFM:TN:6f87003d-dd9b-338f-99c5-d24000ede02e,20250215,1
IDFM:TN:6f87003d-dd9b-338f-99c5-d24000ede02e,20250214,1
IDFM:TN:6f87003d-dd9b-338f-99c5-d24000ede02e,20250213,1
IDFM:TN:6f87003d-dd9b-338f-99c5-d24000ede02e,20250212,1
IDFM:TN:6f87003d-dd9b-338f-99c5-d24000ede02e,20250211,1
IDFM:TN:6f87003d-dd9b-338f-99c5-d24000ede02e,20250306,1
IDFM:TN:6f87003d-dd9b-338f-99c5-d24000ede02e,20250305,1
IDFM:TN:6f87003d-dd9b-338f-99c5-d24000ede02e,20250304,1
IDFM:TN:b44c5f9e-531f-3e8c-8c65-9ad091a0d070,20250208,1
IDFM:TN:b44c5f9e-531f-3e8c-8c65-9ad091a0d070,20250215,1
IDFM:TN:b44c5f9e-531f-3e8c-8c65-9ad091a0d070,20250214,1
IDFM:TN:b44c5f9e-531f-3e8c-8c65-9ad091a0d070,20250213,1
IDFM:TN:b44c5f9e-531f-3e8c-8c65-9ad091a0d070,20250212,1
IDFM:TN:b44c5f9e-531f-3e8c-8c65-9ad091a0d070,20250211,1
IDFM:TN:b44c5f9e-531f-3e8c-8c65-9ad091a0d070,20250217,2
IDFM:TN:b44c5f9e-531f-3e8c-8c65-9ad091a0d070,20250306,1
IDFM:TN:b44c5f9e-531f-3e8c-8c65-9ad091a0d070,20250305,1
IDFM:TN:b44c5f9e-531f-3e8c-8c65-9ad091a0d070,20250304,1
IDFM:TN:de9f485b-41f7-312b-a9a2-11bdf2bdab59,20250214,1
IDFM:TN:de9f485b-41f7-312b-a9a2-11bdf2bdab59,20250213,1
IDFM:TN:de9f485b-41f7-312b-a9a2-11bdf2bdab59,20250212,1
IDFM:TN:de9f485b-41f7-312b-a9a2-11bdf2bdab59,20250211,1
IDFM:TN:de9f485b-41f7-312b-a9a2-11bdf2bdab59,20250210,1
IDFM:TN:de9f485b-41f7-312b-a9a2-11bdf2bdab59,20250306,1
IDFM:TN:de9f485b-41f7-312b-a9a2-11bdf2bdab59,20250305,1
IDFM:TN:de9f485b-41f7-312b-a9a2-11bdf2bdab59,20250304,1
IDFM:TN:de9f485b-41f7-312b-a9a2-11bdf2bdab59,20250303,1
IDFM:TN:d2d6b539-9122-3e08-aee5-01ad3ef2a96e,20250214,1
IDFM:TN:d2d6b539-9122-3e08-aee5-01ad3ef2a96e,20250213,1
IDFM:TN:d2d6b539-9122-3e08-aee5-01ad3ef2a96e,20250212,1
IDFM:TN:d2d6b539-9122-3e08-aee5-01ad3ef2a96e,20250211,1
IDFM:TN:d2d6b539-9122-3e08-aee5-01ad3ef2a96e,20250210,1
IDFM:TN:d2d6b539-9122-3e08-aee5-01ad3ef2a96e,20250223,2
IDFM:TN:d2d6b539-9122-3e08-aee5-01ad3ef2a96e,20250222,2
IDFM:TN:d2d6b539-9122-3e08-aee5-01ad3ef2a96e,20250306,1
IDFM:TN:d2d6b539-9122-3e08-aee5-01ad3ef2a96e,20250305,1
IDFM:TN:d2d6b539-9122-3e08-aee5-01ad3ef2a96e,20250304,1
IDFM:TN:d2d6b539-9122-3e08-aee5-01ad3ef2a96e,20250303,1
IDFM:TN:3975acbe-8244-310e-bc2f-13de4b9a5aa5,20250214,1
IDFM:TN:3975acbe-8244-310e-bc2f-13de4b9a5aa5,20250222,2
IDFM:TN:3975acbe-8244-310e-bc2f-13de4b9a5aa5,20250220,2
IDFM:TN:3975acbe-8244-310e-bc2f-13de4b9a5aa5,20250219,2
IDFM:TN:3975acbe-8244-310e-bc2f-13de4b9a5aa5,20250218,2
IDFM:TN:3975acbe-8244-310e-bc2f-13de4b9a5aa5,20250301,2
IDFM:TN:3975acbe-8244-310e-bc2f-13de4b9a5aa5,20250227,2
IDFM:TN:3975acbe-8244-310e-bc2f-13de4b9a5aa5,20250226,2
IDFM:TN:3975acbe-8244-310e-bc2f-13de4b9a5aa5,20250225,2
IDFM:TN:002e21f2-be29-3282-86a4-a029b14f293a,20250208,1
IDFM:TN:2ac52697-8244-3305-8ca9-dd2f3dae4f76,20250214,1
IDFM:TN:2ac52697-8244-3305-8ca9-dd2f3dae4f76,20250221,1
IDFM:TN:2ac52697-8244-3305-8ca9-dd2f3dae4f76,20250227,2
IDFM:TN:2ac52697-8244-3305-8ca9-dd2f3dae4f76,20250226,2
IDFM:TN:2ac52697-8244-3305-8ca9-dd2f3dae4f76,20250225,2
IDFM:TN:2ac52697-8244-3305-8ca9-dd2f3dae4f76,20250224,2
IDFM:TN:f52c2bfc-ad72-3bab-8cd6-f9f97323b7ae,20250216,1
IDFM:TN:f52c2bfc-ad72-3bab-8cd6-f9f97323b7ae,20250215,1
IDFM:TN:f52c2bfc-ad72-3bab-8cd6-f9f97323b7ae,20250223,1
IDFM:TN:f52c2bfc-ad72-3bab-8cd6-f9f97323b7ae,20250222,1
IDFM:TN:f52c2bfc-ad72-3bab-8cd6-f9f97323b7ae,20250304,2
IDFM:TN:2434ec82-a2eb-3f88-8839-14975c922dd8,20250214,1
IDFM:TN:2434ec82-a2eb-3f88-8839-14975c922dd8,20250220,2
IDFM:TN:2434ec82-a2eb-3f88-8839-14975c922dd8,20250219,2
IDFM:TN:2434ec82-a2eb-3f88-8839-14975c922dd8,20250218,2
IDFM:TN:2434ec82-a2eb-3f88-8839-14975c922dd8,20250217,2
IDFM:TN:2434ec82-a2eb-3f88-8839-14975c922dd8,20250228,1
IDFM:TN:2434ec82-a2eb-3f88-8839-14975c922dd8,20250302,2
IDFM:TN:2434ec82-a2eb-3f88-8839-14975c922dd8,20250301,2
IDFM:TN:ce0d11e5-4925-3c10-9737-8ef5e0ace4d4,20250216,1
IDFM:TN:ce0d11e5-4925-3c10-9737-8ef5e0ace4d4,20250215,1
IDFM:TN:ce0d11e5-4925-3c10-9737-8ef5e0ace4d4,20250223,1
IDFM:TN:ce0d11e5-4925-3c10-9737-8ef5e0ace4d4,20250222,1
IDFM:TN:ce0d11e5-4925-3c10-9737-8ef5e0ace4d4,20250226,2
IDFM:TN:ce0d11e5-4925-3c10-9737-8ef5e0ace4d4,20250225,2
IDFM:TN:0513bd09-dacf-39b6-9921-4e10e121651d,20250216,1
IDFM:TN:0513bd09-dacf-39b6-9921-4e10e121651d,20250215,1
IDFM:TN:0513bd09-dacf-39b6-9921-4e10e121651d,20250223,1
IDFM:TN:0513bd09-dacf-39b6-9921-4e10e121651d,20250222,1
IDFM:TN:385d70bb-7d68-34fb-982d-553b3ad08fc8,20250215,1
IDFM:TN:385d70bb-7d68-34fb-982d-553b3ad08fc8,20250222,1
IDFM:TN:4c983b63-07b9-3890-90d0-cf1a0950b718,20250215,1
IDFM:TN:4c983b63-07b9-3890-90d0-cf1a0950b718,20250222,1
IDFM:TN:4c983b63-07b9-3890-90d0-cf1a0950b718,20250302,2
IDFM:TN:84a437a9-4ffd-3e8d-ad04-732955efac95,20250302,2
IDFM:TN:84a437a9-4ffd-3e8d-ad04-732955efac95,20250301,2
IDFM:TN:84a437a9-4ffd-3e8d-ad04-732955efac95,20250228,2
IDFM:TN:84a437a9-4ffd-3e8d-ad04-732955efac95,20250227,2
IDFM:TN:84a437a9-4ffd-3e8d-ad04-732955efac95,20250226,2
IDFM:TN:84a437a9-4ffd-3e8d-ad04-732955efac95,20250225,2
IDFM:TN:84a437a9-4ffd-3e8d-ad04-732955efac95,20250224,2
IDFM:TN:3b6884a7-2cef-371a-8ab0-d02c4a2f51f2,20250214,1
IDFM:TN:3b6884a7-2cef-371a-8ab0-d02c4a2f51f2,20250221,1
IDFM:TN:3b6884a7-2cef-371a-8ab0-d02c4a2f51f2,20250302,2
IDFM:TN:3b6884a7-2cef-371a-8ab0-d02c4a2f51f2,20250301,2
IDFM:TN:3b6884a7-2cef-371a-8ab0-d02c4a2f51f2,20250227,2
IDFM:TN:3b6884a7-2cef-371a-8ab0-d02c4a2f51f2,20250226,2
IDFM:TN:3b6884a7-2cef-371a-8ab0-d02c4a2f51f2,20250225,2
IDFM:TN:3b6884a7-2cef-371a-8ab0-d02c4a2f51f2,20250224,2
IDFM:TN:4aadbcc5-2309-3b5b-b3cc-b19df3d92829,20250209,2
IDFM:TN:4aadbcc5-2309-3b5b-b3cc-b19df3d92829,20250301,2
IDFM:TN:40ccbf27-6cf4-3fb3-8dea-659f657469c9,20250216,1
IDFM:TN:40ccbf27-6cf4-3fb3-8dea-659f657469c9,20250215,1
IDFM:TN:40ccbf27-6cf4-3fb3-8dea-659f657469c9,20250223,1
IDFM:TN:40ccbf27-6cf4-3fb3-8dea-659f657469c9,20250222,1
IDFM:TN:0be9dad6-12d7-35d9-abd5-53797e125c69,20250216,1
IDFM:TN:0be9dad6-12d7-35d9-abd5-53797e125c69,20250215,1
IDFM:TN:0be9dad6-12d7-35d9-abd5-53797e125c69,20250214,1
IDFM:TN:0be9dad6-12d7-35d9-abd5-53797e125c69,20250213,1
IDFM:TN:0be9dad6-12d7-35d9-abd5-53797e125c69,20250223,1
IDFM:TN:0be9dad6-12d7-35d9-abd5-53797e125c69,20250222,1
IDFM:TN:0be9dad6-12d7-35d9-abd5-53797e125c69,20250217,2
IDFM:TN:0be9dad6-12d7-35d9-abd5-53797e125c69,20250228,1
IDFM:TN:0be9dad6-12d7-35d9-abd5-53797e125c69,20250304,2
IDFM:TN:02aa9727-6572-36fb-9b0f-a3430df829af,20250208,1
IDFM:TN:02aa9727-6572-36fb-9b0f-a3430df829af,20250210,1
IDFM:TN:02aa9727-6572-36fb-9b0f-a3430df829af,20250228,1
IDFM:TN:02aa9727-6572-36fb-9b0f-a3430df829af,20250303,1
IDFM:TN:016a1567-a3b9-3c31-bba9-d9607349caba,20250214,1
IDFM:TN:016a1567-a3b9-3c31-bba9-d9607349caba,20250213,1
IDFM:TN:016a1567-a3b9-3c31-bba9-d9607349caba,20250212,1
IDFM:TN:016a1567-a3b9-3c31-bba9-d9607349caba,20250211,1
IDFM:TN:0ad2675c-d28f-3c39-a0ff-dc726d91e307,20250214,1
IDFM:TN:0ad2675c-d28f-3c39-a0ff-dc726d91e307,20250222,2
IDFM:TN:0ad2675c-d28f-3c39-a0ff-dc726d91e307,20250220,2
IDFM:TN:0ad2675c-d28f-3c39-a0ff-dc726d91e307,20250219,2
IDFM:TN:0ad2675c-d28f-3c39-a0ff-dc726d91e307,20250218,2
IDFM:TN:0ad2675c-d28f-3c39-a0ff-dc726d91e307,20250228,1
IDFM:TN:0f67fdae-3e88-348f-aab5-a77b43d76796,20250228,2
IDFM:TN:0f67fdae-3e88-348f-aab5-a77b43d76796,20250227,2
IDFM:TN:0f67fdae-3e88-348f-aab5-a77b43d76796,20250226,2
IDFM:TN:0f67fdae-3e88-348f-aab5-a77b43d76796,20250225,2
IDFM:TN:0f67fdae-3e88-348f-aab5-a77b43d76796,20250224,2
IDFM:TN:0dd82129-75fc-3bf2-8212-f29638017790,20250228,2
IDFM:TN:0dd82129-75fc-3bf2-8212-f29638017790,20250227,2
IDFM:TN:0dd82129-75fc-3bf2-8212-f29638017790,20250226,2
IDFM:TN:0dd82129-75fc-3bf2-8212-f29638017790,20250224,2
IDFM:TN:0c641394-3577-3b7b-8b17-d7c3f5d15f8c,20250209,1
IDFM:TN:0c641394-3577-3b7b-8b17-d7c3f5d15f8c,20250208,1
IDFM:TN:0c641394-3577-3b7b-8b17-d7c3f5d15f8c,20250216,1
IDFM:TN:0c641394-3577-3b7b-8b17-d7c3f5d15f8c,20250215,1
IDFM:TN:6a495a7c-4764-3608-9972-ab97bd95c146,20250209,1
IDFM:TN:6a495a7c-4764-3608-9972-ab97bd95c146,20250208,1
IDFM:TN:6a495a7c-4764-3608-9972-ab97bd95c146,20250215,1
IDFM:TN:6a495a7c-4764-3608-9972-ab97bd95c146,20250214,1
IDFM:TN:6a495a7c-4764-3608-9972-ab97bd95c146,20250221,1
IDFM:TN:6a495a7c-4764-3608-9972-ab97bd95c146,20250227,2
IDFM:TN:6a495a7c-4764-3608-9972-ab97bd95c146,20250226,2
IDFM:TN:6a495a7c-4764-3608-9972-ab97bd95c146,20250225,2
IDFM:TN:6a495a7c-4764-3608-9972-ab97bd95c146,20250224,2
IDFM:TN:09b57c6c-9a1b-3e52-9f17-79d58c9e4a58,20250222,1
IDFM:TN:09b57c6c-9a1b-3e52-9f17-79d58c9e4a58,20250301,1
IDFM:TN:047d8e6e-3400-36f1-961a-8410893cd743,20250301,1
IDFM:TN:bea155f6-4725-34ca-bf9e-70ed50cf7549,20250223,1
IDFM:TN:bea155f6-4725-34ca-bf9e-70ed50cf7549,20250222,1
IDFM:TN:bea155f6-4725-34ca-bf9e-70ed50cf7549,20250302,1
IDFM:TN:bea155f6-4725-34ca-bf9e-70ed50cf7549,20250301,1
IDFM:TN:bea155f6-4725-34ca-bf9e-70ed50cf7549,20250304,2
IDFM:TN:71911a36-be46-32c2-b7a4-aff7623722d5,20250302,1
IDFM:TN:71911a36-be46-32c2-b7a4-aff7623722d5,20250301,1
IDFM:TN:71911a36-be46-32c2-b7a4-aff7623722d5,20250227,2
IDFM:TN:71911a36-be46-32c2-b7a4-aff7623722d5,20250226,2
IDFM:TN:71911a36-be46-32c2-b7a4-aff7623722d5,20250225,2
IDFM:TN:71911a36-be46-32c2-b7a4-aff7623722d5,20250224,2
IDFM:TN:4e125bcb-5b55-31e9-8bad-34a225029269,20250223,1
IDFM:TN:4e125bcb-5b55-31e9-8bad-34a225029269,20250222,1
IDFM:TN:59f59ba4-6e4d-3d98-9d87-5e3686b524e7,20250214,1
IDFM:TN:59f59ba4-6e4d-3d98-9d87-5e3686b524e7,20250213,1
IDFM:TN:59f59ba4-6e4d-3d98-9d87-5e3686b524e7,20250212,1
IDFM:TN:59f59ba4-6e4d-3d98-9d87-5e3686b524e7,20250211,1
IDFM:TN:59f59ba4-6e4d-3d98-9d87-5e3686b524e7,20250210,1
IDFM:TN:81e132aa-215c-3dcb-b7c8-5819b1cbd4f2,20250214,1
IDFM:TN:81e132aa-215c-3dcb-b7c8-5819b1cbd4f2,20250213,1
IDFM:TN:81e132aa-215c-3dcb-b7c8-5819b1cbd4f2,20250212,1
IDFM:TN:81e132aa-215c-3dcb-b7c8-5819b1cbd4f2,20250211,1
IDFM:TN:81e132aa-215c-3dcb-b7c8-5819b1cbd4f2,20250210,1
IDFM:TN:81e132aa-215c-3dcb-b7c8-5819b1cbd4f2,20250225,1
IDFM:TN:762b4da3-d8dc-34c0-9226-3e63a7fb0ebf,20250216,2
IDFM:TN:762b4da3-d8dc-34c0-9226-3e63a7fb0ebf,20250215,2
IDFM:TN:79543deb-6dfb-3494-9336-fa962d1686fb,20250209,1
IDFM:TN:79543deb-6dfb-3494-9336-fa962d1686fb,20250208,1
IDFM:TN:79543deb-6dfb-3494-9336-fa962d1686fb,20250214,1
IDFM:TN:79543deb-6dfb-3494-9336-fa962d1686fb,20250211,1
IDFM:TN:79543deb-6dfb-3494-9336-fa962d1686fb,20250228,1
IDFM:TN:79543deb-6dfb-3494-9336-fa962d1686fb,20250225,1
IDFM:TN:61e1c3f4-a158-3728-8c9e-77f9cc6cc1da,20250213,1
IDFM:TN:61e1c3f4-a158-3728-8c9e-77f9cc6cc1da,20250212,1
IDFM:TN:61e1c3f4-a158-3728-8c9e-77f9cc6cc1da,20250211,1
IDFM:TN:dbbb4da2-b3bc-360d-90cd-004883d461e7,20250209,1
IDFM:TN:dbbb4da2-b3bc-360d-90cd-004883d461e7,20250208,1
IDFM:TN:dbbb4da2-b3bc-360d-90cd-004883d461e7,20250221,2
IDFM:TN:dbbb4da2-b3bc-360d-90cd-004883d461e7,20250220,2
IDFM:TN:dbbb4da2-b3bc-360d-90cd-004883d461e7,20250219,2
IDFM:TN:dbbb4da2-b3bc-360d-90cd-004883d461e7,20250218,2
IDFM:TN:dbbb4da2-b3bc-360d-90cd-004883d461e7,20250217,2
IDFM:TN:a5819ee2-29c5-36a6-a1df-f7748e26509a,20250214,1
IDFM:TN:a5819ee2-29c5-36a6-a1df-f7748e26509a,20250219,2
IDFM:TN:a5819ee2-29c5-36a6-a1df-f7748e26509a,20250228,1
IDFM:TN:8329d22a-8a1b-31f8-8fe8-27a3748ccfc6,20250218,1
IDFM:TN:8329d22a-8a1b-31f8-8fe8-27a3748ccfc6,20250304,1
IDFM:TN:bde86ab6-83e7-3ee2-8b59-c18e0cf30592,20250225,2
IDFM:TN:764f9293-6724-3e5c-a850-320b01e5a2d6,20250302,1
IDFM:TN:4414d240-d58d-3344-bcc2-0ed3aad18a05,20250209,1
IDFM:TN:4414d240-d58d-3344-bcc2-0ed3aad18a05,20250302,1
IDFM:TN:4414d240-d58d-3344-bcc2-0ed3aad18a05,20250301,1
IDFM:TN:838ee84c-af83-3c0d-8c31-63f09f198c20,20250216,1
IDFM:TN:838ee84c-af83-3c0d-8c31-63f09f198c20,20250223,1
IDFM:TN:0043ebd9-0796-3036-9bfa-dee4fe2ff899,20250210,1
IDFM:TN:0043ebd9-0796-3036-9bfa-dee4fe2ff899,20250228,1
IDFM:TN:0043ebd9-0796-3036-9bfa-dee4fe2ff899,20250303,1
IDFM:TN:0ddee953-7a0c-3749-8418-0a5847d8c27b,20250217,2
IDFM:TN:0ddee953-7a0c-3749-8418-0a5847d8c27b,20250227,2
IDFM:TN:0ddee953-7a0c-3749-8418-0a5847d8c27b,20250226,2
IDFM:TN:0ddee953-7a0c-3749-8418-0a5847d8c27b,20250225,2
IDFM:TN:0ddee953-7a0c-3749-8418-0a5847d8c27b,20250224,2
IDFM:TN:02d5d536-bb6c-3f37-b634-bd312fee3e73,20250302,2
IDFM:TN:02d5d536-bb6c-3f37-b634-bd312fee3e73,20250301,2
IDFM:TN:1d4b96e1-4c1b-3fdf-821a-dfb44b496ed1,20250210,1
IDFM:TN:1d4b96e1-4c1b-3fdf-821a-dfb44b496ed1,20250302,1
IDFM:TN:1d4b96e1-4c1b-3fdf-821a-dfb44b496ed1,20250301,1
IDFM:TN:1d4b96e1-4c1b-3fdf-821a-dfb44b496ed1,20250228,1
IDFM:TN:1d4b96e1-4c1b-3fdf-821a-dfb44b496ed1,20250303,1
IDFM:TN:713e0609-5da3-3dc9-a825-396ec16fdb6d,20250210,1
IDFM:TN:713e0609-5da3-3dc9-a825-396ec16fdb6d,20250301,1
IDFM:TN:713e0609-5da3-3dc9-a825-396ec16fdb6d,20250228,1
IDFM:TN:713e0609-5da3-3dc9-a825-396ec16fdb6d,20250303,1
IDFM:TN:ece006d2-fc3a-3403-b4f1-241c8108fec6,20250210,1
IDFM:TN:ece006d2-fc3a-3403-b4f1-241c8108fec6,20250302,1
IDFM:TN:ece006d2-fc3a-3403-b4f1-241c8108fec6,20250301,1
IDFM:TN:ece006d2-fc3a-3403-b4f1-241c8108fec6,20250227,2
IDFM:TN:ece006d2-fc3a-3403-b4f1-241c8108fec6,20250226,2
IDFM:TN:ece006d2-fc3a-3403-b4f1-241c8108fec6,20250225,2
IDFM:TN:ece006d2-fc3a-3403-b4f1-241c8108fec6,20250303,1
IDFM:TN:3e43fd97-5375-3b95-b861-f59c1f7affd9,20250209,1
IDFM:TN:3e43fd97-5375-3b95-b861-f59c1f7affd9,20250208,1
IDFM:TN:3e43fd97-5375-3b95-b861-f59c1f7affd9,20250210,1
IDFM:TN:23757d22-6357-33a4-ae72-9d812a642889,20250209,1
IDFM:TN:23757d22-6357-33a4-ae72-9d812a642889,20250208,1
IDFM:TN:23757d22-6357-33a4-ae72-9d812a642889,20250210,1
IDFM:TN:23757d22-6357-33a4-ae72-9d812a642889,20250302,1
IDFM:TN:23757d22-6357-33a4-ae72-9d812a642889,20250301,1
IDFM:TN:23757d22-6357-33a4-ae72-9d812a642889,20250228,1
IDFM:TN:23757d22-6357-33a4-ae72-9d812a642889,20250303,1
IDFM:TN:1051fd47-87a0-3c10-9169-7d7d8d9947ee,20250228,1
IDFM:TN:f356eb5e-5e4d-33b9-95a5-dcff013c17aa,20250217,2
IDFM:TN:f356eb5e-5e4d-33b9-95a5-dcff013c17aa,20250227,2
IDFM:TN:f356eb5e-5e4d-33b9-95a5-dcff013c17aa,20250226,2
IDFM:TN:f356eb5e-5e4d-33b9-95a5-dcff013c17aa,20250224,2
IDFM:TN:f356eb5e-5e4d-33b9-95a5-dcff013c17aa,20250304,1
IDFM:TN:01b13e2a-d01f-3514-bf75-f284ef718256,20250210,1
IDFM:TN:01b13e2a-d01f-3514-bf75-f284ef718256,20250228,1
IDFM:TN:01b13e2a-d01f-3514-bf75-f284ef718256,20250303,1
IDFM:TN:65f16eb9-6637-37b0-b9f0-b9b2fa267a59,20250208,1
IDFM:TN:65f16eb9-6637-37b0-b9f0-b9b2fa267a59,20250210,1
IDFM:TN:65f16eb9-6637-37b0-b9f0-b9b2fa267a59,20250301,1
IDFM:TN:65f16eb9-6637-37b0-b9f0-b9b2fa267a59,20250228,1
IDFM:TN:65f16eb9-6637-37b0-b9f0-b9b2fa267a59,20250303,1
IDFM:TN:54b55118-c805-344e-85a7-179b3e035b03,20250217,2
IDFM:TN:54b55118-c805-344e-85a7-179b3e035b03,20250227,2
IDFM:TN:54b55118-c805-344e-85a7-179b3e035b03,20250226,2
IDFM:TN:54b55118-c805-344e-85a7-179b3e035b03,20250224,2
IDFM:TN:482d9395-db26-36ae-a069-92e596be83e9,20250209,1
IDFM:TN:482d9395-db26-36ae-a069-92e596be83e9,20250208,1
IDFM:TN:482d9395-db26-36ae-a069-92e596be83e9,20250210,1
IDFM:TN:482d9395-db26-36ae-a069-92e596be83e9,20250302,1
IDFM:TN:482d9395-db26-36ae-a069-92e596be83e9,20250301,1
IDFM:TN:482d9395-db26-36ae-a069-92e596be83e9,20250228,1
IDFM:TN:482d9395-db26-36ae-a069-92e596be83e9,20250227,2
IDFM:TN:482d9395-db26-36ae-a069-92e596be83e9,20250303,1
IDFM:TN:30d845b9-30b8-31a8-ba42-fe800ffdab1b,20250208,1
IDFM:TN:30d845b9-30b8-31a8-ba42-fe800ffdab1b,20250210,1
IDFM:TN:30d845b9-30b8-31a8-ba42-fe800ffdab1b,20250301,1
IDFM:TN:30d845b9-30b8-31a8-ba42-fe800ffdab1b,20250228,1
IDFM:TN:30d845b9-30b8-31a8-ba42-fe800ffdab1b,20250227,2
IDFM:TN:30d845b9-30b8-31a8-ba42-fe800ffdab1b,20250303,1
IDFM:TN:2a906eb9-5939-3721-b883-0cb3189aae98,20250209,1
IDFM:TN:2a906eb9-5939-3721-b883-0cb3189aae98,20250210,1
IDFM:TN:2a906eb9-5939-3721-b883-0cb3189aae98,20250302,1
IDFM:TN:2a906eb9-5939-3721-b883-0cb3189aae98,20250228,1
IDFM:TN:2a906eb9-5939-3721-b883-0cb3189aae98,20250303,1
IDFM:TN:1b44104b-126f-304d-a8d5-74316afcc8be,20250209,1
IDFM:TN:1b44104b-126f-304d-a8d5-74316afcc8be,20250208,1
IDFM:TN:1b44104b-126f-304d-a8d5-74316afcc8be,20250302,1
IDFM:TN:1b44104b-126f-304d-a8d5-74316afcc8be,20250301,1
IDFM:TN:1ff2019d-a13f-3442-a7d9-06f16547a854,20250216,2
IDFM:TN:1ff2019d-a13f-3442-a7d9-06f16547a854,20250215,2
IDFM:TN:1ff2019d-a13f-3442-a7d9-06f16547a854,20250213,2
IDFM:TN:1ff2019d-a13f-3442-a7d9-06f16547a854,20250212,2
IDFM:TN:1ff2019d-a13f-3442-a7d9-06f16547a854,20250211,2
IDFM:TN:1ff2019d-a13f-3442-a7d9-06f16547a854,20250210,2
IDFM:TN:1ff2019d-a13f-3442-a7d9-06f16547a854,20250223,2
IDFM:TN:1ff2019d-a13f-3442-a7d9-06f16547a854,20250222,2
IDFM:TN:1ff2019d-a13f-3442-a7d9-06f16547a854,20250220,2
IDFM:TN:1ff2019d-a13f-3442-a7d9-06f16547a854,20250219,2
IDFM:TN:1ff2019d-a13f-3442-a7d9-06f16547a854,20250218,2
IDFM:TN:1ff2019d-a13f-3442-a7d9-06f16547a854,20250217,2
IDFM:TN:1ff2019d-a13f-3442-a7d9-06f16547a854,20250228,1
IDFM:TN:25187dfe-19e3-3f48-837c-0a6903ed676d,20250210,1
IDFM:TN:25187dfe-19e3-3f48-837c-0a6903ed676d,20250218,2
IDFM:TN:25187dfe-19e3-3f48-837c-0a6903ed676d,20250228,1
IDFM:TN:25187dfe-19e3-3f48-837c-0a6903ed676d,20250303,1
IDFM:TN:e5d326d9-562e-342b-8665-8ecbc2513d3e,20250208,1
IDFM:TN:e5d326d9-562e-342b-8665-8ecbc2513d3e,20250210,1
IDFM:TN:e5d326d9-562e-342b-8665-8ecbc2513d3e,20250218,2
IDFM:TN:e5d326d9-562e-342b-8665-8ecbc2513d3e,20250301,1
IDFM:TN:e5d326d9-562e-342b-8665-8ecbc2513d3e,20250228,1
IDFM:TN:e5d326d9-562e-342b-8665-8ecbc2513d3e,20250303,1
IDFM:TN:039042f0-b739-372a-bb3e-8eba759aac18,20250209,1
IDFM:TN:039042f0-b739-372a-bb3e-8eba759aac18,20250208,1
IDFM:TN:039042f0-b739-372a-bb3e-8eba759aac18,20250210,1
IDFM:TN:039042f0-b739-372a-bb3e-8eba759aac18,20250228,1
IDFM:TN:039042f0-b739-372a-bb3e-8eba759aac18,20250303,1
IDFM:TN:686f7060-3f67-3e03-abc8-62767b3637df,20250210,1
IDFM:TN:686f7060-3f67-3e03-abc8-62767b3637df,20250228,1
IDFM:TN:686f7060-3f67-3e03-abc8-62767b3637df,20250302,2
IDFM:TN:686f7060-3f67-3e03-abc8-62767b3637df,20250301,2
IDFM:TN:686f7060-3f67-3e03-abc8-62767b3637df,20250303,1
IDFM:TN:cf0168e5-f3d1-33c3-9baf-ec337081c046,20250214,1
IDFM:TN:cf0168e5-f3d1-33c3-9baf-ec337081c046,20250227,2
IDFM:TN:cf0168e5-f3d1-33c3-9baf-ec337081c046,20250226,2
IDFM:TN:cf0168e5-f3d1-33c3-9baf-ec337081c046,20250225,2
IDFM:TN:cf0168e5-f3d1-33c3-9baf-ec337081c046,20250224,2
IDFM:TN:8552fead-aa2f-3476-b543-16e56de568ce,20250208,1
IDFM:TN:8552fead-aa2f-3476-b543-16e56de568ce,20250210,1
IDFM:TN:8552fead-aa2f-3476-b543-16e56de568ce,20250302,1
IDFM:TN:8552fead-aa2f-3476-b543-16e56de568ce,20250301,1
IDFM:TN:8552fead-aa2f-3476-b543-16e56de568ce,20250228,1
IDFM:TN:8552fead-aa2f-3476-b543-16e56de568ce,20250303,1
IDFM:TN:2f605ade-c051-3fac-b726-b986b04ee51d,20250216,2
IDFM:TN:186ba117-abea-3550-8a63-882d18be1cbd,20250213,1
IDFM:TN:186ba117-abea-3550-8a63-882d18be1cbd,20250212,1
IDFM:TN:186ba117-abea-3550-8a63-882d18be1cbd,20250211,1
IDFM:TN:186ba117-abea-3550-8a63-882d18be1cbd,20250210,1
IDFM:TN:186ba117-abea-3550-8a63-882d18be1cbd,20250228,2
IDFM:TN:02865504-953d-36c7-9c7a-5a944565f690,20250215,1
IDFM:TN:02865504-953d-36c7-9c7a-5a944565f690,20250301,1
IDFM:TN:076183c4-61a9-3c1b-bba0-71d5d1fb4a97,20250209,2
IDFM:TN:076183c4-61a9-3c1b-bba0-71d5d1fb4a97,20250214,1
IDFM:TN:076183c4-61a9-3c1b-bba0-71d5d1fb4a97,20250213,1
IDFM:TN:076183c4-61a9-3c1b-bba0-71d5d1fb4a97,20250212,1
IDFM:TN:076183c4-61a9-3c1b-bba0-71d5d1fb4a97,20250211,1
IDFM:TN:076183c4-61a9-3c1b-bba0-71d5d1fb4a97,20250210,2
IDFM:TN:076183c4-61a9-3c1b-bba0-71d5d1fb4a97,20250301,2
IDFM:TN:634561a4-801f-3ee9-be61-5f04a3204971,20250223,2
IDFM:TN:634561a4-801f-3ee9-be61-5f04a3204971,20250222,2
IDFM:TN:38101c90-d07f-3d9f-b315-2bf5d07c0ea8,20250223,1
IDFM:TN:38101c90-d07f-3d9f-b315-2bf5d07c0ea8,20250222,1
IDFM:TN:39692d6b-ff18-3c9f-8d12-2e3d4a6eee60,20250216,1
IDFM:TN:39692d6b-ff18-3c9f-8d12-2e3d4a6eee60,20250215,1
IDFM:TN:39692d6b-ff18-3c9f-8d12-2e3d4a6eee60,20250302,1
IDFM:TN:39692d6b-ff18-3c9f-8d12-2e3d4a6eee60,20250301,1
IDFM:TN:55c1362a-9157-3154-b56f-844a9d7791cd,20250216,1
IDFM:TN:55c1362a-9157-3154-b56f-844a9d7791cd,20250215,1
IDFM:TN:55c1362a-9157-3154-b56f-844a9d7791cd,20250214,1
IDFM:TN:55c1362a-9157-3154-b56f-844a9d7791cd,20250302,1
IDFM:TN:55c1362a-9157-3154-b56f-844a9d7791cd,20250301,1
IDFM:TN:55c1362a-9157-3154-b56f-844a9d7791cd,20250228,1
IDFM:TN:00d477b1-d250-368e-af6b-9077a1ff130c,20250228,1
IDFM:TN:25f20dfe-9a57-36f9-b045-74a71078e35d,20250215,2
IDFM:TN:25f20dfe-9a57-36f9-b045-74a71078e35d,20250213,2
IDFM:TN:25f20dfe-9a57-36f9-b045-74a71078e35d,20250212,2
IDFM:TN:25f20dfe-9a57-36f9-b045-74a71078e35d,20250211,2
IDFM:TN:25f20dfe-9a57-36f9-b045-74a71078e35d,20250222,2
IDFM:TN:25f20dfe-9a57-36f9-b045-74a71078e35d,20250220,2
IDFM:TN:25f20dfe-9a57-36f9-b045-74a71078e35d,20250219,2
IDFM:TN:25f20dfe-9a57-36f9-b045-74a71078e35d,20250218,2
IDFM:TN:25f20dfe-9a57-36f9-b045-74a71078e35d,20250228,1
IDFM:TN:17cff97d-5d90-34cd-bc14-b669c43264d4,20250228,1
IDFM:TN:17cff97d-5d90-34cd-bc14-b669c43264d4,20250227,1
IDFM:TN:17cff97d-5d90-34cd-bc14-b669c43264d4,20250226,1
IDFM:TN:17cff97d-5d90-34cd-bc14-b669c43264d4,20250225,1
IDFM:TN:17cff97d-5d90-34cd-bc14-b669c43264d4,20250224,1
IDFM:TN:17cff97d-5d90-34cd-bc14-b669c43264d4,20250306,1
IDFM:TN:17cff97d-5d90-34cd-bc14-b669c43264d4,20250305,1
IDFM:TN:17cff97d-5d90-34cd-bc14-b669c43264d4,20250304,1
IDFM:TN:17cff97d-5d90-34cd-bc14-b669c43264d4,20250303,1
IDFM:TN:230a972a-ccf7-3869-ba3e-27d5953f80a2,20250214,1
IDFM:TN:230a972a-ccf7-3869-ba3e-27d5953f80a2,20250220,2
IDFM:TN:230a972a-ccf7-3869-ba3e-27d5953f80a2,20250219,2
IDFM:TN:230a972a-ccf7-3869-ba3e-27d5953f80a2,20250218,2
IDFM:TN:230a972a-ccf7-3869-ba3e-27d5953f80a2,20250217,2
IDFM:TN:230a972a-ccf7-3869-ba3e-27d5953f80a2,20250228,1
IDFM:TN:775c599f-1631-37e8-8d34-1ce6a702a5a5,20250214,1
IDFM:TN:775c599f-1631-37e8-8d34-1ce6a702a5a5,20250213,1
IDFM:TN:775c599f-1631-37e8-8d34-1ce6a702a5a5,20250212,1
IDFM:TN:775c599f-1631-37e8-8d34-1ce6a702a5a5,20250211,1
IDFM:TN:775c599f-1631-37e8-8d34-1ce6a702a5a5,20250210,1
IDFM:TN:19133c29-e03b-332d-ba58-f48ed0df98ed,20250214,1
IDFM:TN:19133c29-e03b-332d-ba58-f48ed0df98ed,20250213,1
IDFM:TN:19133c29-e03b-332d-ba58-f48ed0df98ed,20250212,1
IDFM:TN:19133c29-e03b-332d-ba58-f48ed0df98ed,20250211,1
IDFM:TN:19133c29-e03b-332d-ba58-f48ed0df98ed,20250210,1
IDFM:TN:19133c29-e03b-332d-ba58-f48ed0df98ed,20250228,1
IDFM:TN:19133c29-e03b-332d-ba58-f48ed0df98ed,20250227,1
IDFM:TN:19133c29-e03b-332d-ba58-f48ed0df98ed,20250226,1
IDFM:TN:19133c29-e03b-332d-ba58-f48ed0df98ed,20250225,1
IDFM:TN:19133c29-e03b-332d-ba58-f48ed0df98ed,20250224,1
IDFM:62986,20250207,1
IDFM:62986,20250214,1
IDFM:62986,20250222,1
IDFM:62986,20250301,1
IDFM:112360,20250207,1
IDFM:112360,20250214,1
IDFM:112360,20250211,1
IDFM:112360,20250220,1
IDFM:112360,20250219,1
IDFM:112360,20250217,1
IDFM:112360,20250227,1
IDFM:112360,20250226,1
IDFM:112360,20250224,1
IDFM:112360,20250304,1
IDFM:122580,20250208,1
IDFM:122580,20250215,1
IDFM:122580,20250221,1
IDFM:122580,20250228,1
IDFM:129965,20250228,1
IDFM:129965,20250306,1
IDFM:129965,20250304,1
IDFM:129965,20250303,1
IDFM:129988,20250228,1
IDFM:129988,20250306,1
IDFM:129988,20250305,1
IDFM:129988,20250304,1
IDFM:129988,20250303,1
IDFM:130010,20250228,1
IDFM:130010,20250305,1
IDFM:134660,20250208,1
IDFM:134660,20250215,1
IDFM:134660,20250221,1
IDFM:134660,20250220,1
IDFM:134660,20250219,1
IDFM:134660,20250218,1
IDFM:134660,20250217,1
IDFM:134660,20250228,1
IDFM:134660,20250227,1
IDFM:134660,20250226,1
IDFM:134660,20250225,1
IDFM:134660,20250224,1
IDFM:152356,20250206,1
IDFM:152356,20250205,1
IDFM:152356,20250213,1
IDFM:152356,20250212,1
IDFM:152356,20250211,1
IDFM:152356,20250210,1
IDFM:152356,20250221,1
IDFM:152356,20250228,1
IDFM:155785,20250207,1
IDFM:155785,20250214,1
IDFM:155785,20250220,1
IDFM:155785,20250227,1
IDFM:156148,20250208,1
IDFM:156148,20250215,1
IDFM:156148,20250219,1
IDFM:156148,20250218,1
IDFM:156148,20250226,1
IDFM:156148,20250225,1
IDFM:173248,20250215,1
IDFM:173248,20250306,1
IDFM:173248,20250305,1
IDFM:173248,20250304,1
IDFM:173248,20250303,1
IDFM:174417,20250302,1
IDFM:174417,20250301,1
IDFM:174417,20250306,1
IDFM:174417,20250305,1
IDFM:174417,20250304,1
IDFM:174417,20250303,1
IDFM:178514,20250207,1
IDFM:178514,20250206,1
IDFM:178514,20250205,1
IDFM:178514,20250214,1
IDFM:178514,20250213,1
IDFM:178514,20250212,1
IDFM:178514,20250211,1
IDFM:178514,20250210,1
IDFM:178514,20250222,1
IDFM:178514,20250301,1
IDFM:179863,20250301,1
IDFM:179863,20250306,1
IDFM:179863,20250305,1
IDFM:179863,20250304,1
IDFM:179863,20250303,1
IDFM:190436,20250207,1
IDFM:190436,20250214,1
IDFM:190436,20250220,1
IDFM:190436,20250219,1
IDFM:190436,20250218,1
IDFM:190436,20250217,1
IDFM:190436,20250225,1
IDFM:190436,20250224,1
IDFM:196989,20250216,1
IDFM:196989,20250215,1
IDFM:196989,20250221,1
IDFM:196989,20250220,1
IDFM:196989,20250219,1
IDFM:196989,20250218,1
IDFM:196989,20250217,1
IDFM:197010,20250216,1
IDFM:197010,20250215,1
IDFM:197010,20250220,1
IDFM:197010,20250219,1
IDFM:197010,20250218,1
IDFM:197010,20250217,1
IDFM:197028,20250216,1
IDFM:197028,20250220,1
IDFM:197028,20250219,1
IDFM:197028,20250218,1
IDFM:197028,20250217,1
IDFM:204101,20250207,1
IDFM:204101,20250214,1
IDFM:204101,20250220,1
IDFM:204101,20250219,1
IDFM:204101,20250218,1
IDFM:204101,20250217,1
IDFM:204101,20250227,1
IDFM:204101,20250226,1
IDFM:204101,20250225,1
IDFM:204101,20250224,1
IDFM:221100,20250209,1
IDFM:221100,20250216,1
IDFM:221100,20250220,1
IDFM:221100,20250219,1
IDFM:221100,20250218,1
IDFM:221100,20250217,1
IDFM:221100,20250227,1
IDFM:221100,20250226,1
IDFM:221100,20250225,1
IDFM:221100,20250224,1
IDFM:221206,20250209,1
IDFM:221206,20250216,1
IDFM:221206,20250221,1
IDFM:221206,20250220,1
IDFM:221206,20250219,1
IDFM:221206,20250218,1
IDFM:221206,20250217,1
IDFM:221206,20250228,1
IDFM:221206,20250227,1
IDFM:221206,20250226,1
IDFM:221206,20250225,1
IDFM:221206,20250224,1
IDFM:222481,20250207,1
IDFM:222481,20250214,1
IDFM:222481,20250223,1
IDFM:222481,20250222,1
IDFM:222481,20250302,1
IDFM:222481,20250301,1
IDFM:223280,20250207,1
IDFM:223280,20250214,1
IDFM:223280,20250223,1
IDFM:223280,20250222,1
IDFM:223280,20250220,1
IDFM:223280,20250219,1
IDFM:223280,20250218,1
IDFM:223280,20250217,1
IDFM:223280,20250302,1
IDFM:223280,20250301,1
IDFM:223280,20250227,1
IDFM:223280,20250226,1
IDFM:223280,20250225,1
IDFM:223280,20250224,1
IDFM:223365,20250208,1
IDFM:223365,20250215,1
IDFM:223365,20250223,1
IDFM:223365,20250302,1
IDFM:223470,20250209,1
IDFM:223470,20250208,1
IDFM:223470,20250216,1
IDFM:223470,20250215,1
IDFM:223470,20250221,1
IDFM:223470,20250220,1
IDFM:223470,20250219,1
IDFM:223470,20250218,1
IDFM:223470,20250217,1
IDFM:223470,20250228,1
IDFM:223470,20250227,1
IDFM:223470,20250226,1
IDFM:223470,20250225,1
IDFM:223470,20250224,1
IDFM:223706,20250209,1
IDFM:223706,20250216,1
IDFM:223706,20250222,1
IDFM:223706,20250301,1
IDFM:245514,20250206,1
IDFM:245514,20250205,1
IDFM:245514,20250213,1
IDFM:245514,20250212,1
IDFM:245514,20250210,1
IDFM:245514,20250221,1
IDFM:245514,20250218,1
IDFM:245514,20250228,1
IDFM:245514,20250225,1
IDFM:246058,20250207,1
IDFM:246058,20250214,1
IDFM:246058,20250211,1
IDFM:246058,20250220,1
IDFM:246058,20250219,1
IDFM:246058,20250217,1
IDFM:246058,20250227,1
IDFM:246058,20250226,1
IDFM:246058,20250224,1
IDFM:250600,20250209,1
IDFM:250600,20250222,1
IDFM:313870,20250301,1
IDFM:313870,20250306,1
IDFM:313870,20250305,1
IDFM:313870,20250304,1
IDFM:TN:18731765,20250207,1
IDFM:TN:18731765,20250306,1
IDFM:TN:18731765,20250305,1
IDFM:TN:18731765,20250304,1
IDFM:TN:18731765,20250303,1
IDFM:TN:18731974,20250208,1
IDFM:TN:18731974,20250306,1
IDFM:TN:18731974,20250305,1
IDFM:TN:18731974,20250304,1
IDFM:TN:18734461,20250302,1
IDFM:TN:18734461,20250303,1
IDFM:TN:18734509,20250214,1
IDFM:TN:18734509,20250222,1
IDFM:TN:18734509,20250218,1
IDFM:TN:18734851,20250214,1
IDFM:TN:18734851,20250224,1
IDFM:TN:18735413,20250209,1
IDFM:TN:18735413,20250210,1
IDFM:TN:18738364,20250209,1
IDFM:TN:18738364,20250208,1
IDFM:TN:18738364,20250218,1
IDFM:TN:18738424,20250209,1
IDFM:TN:18738424,20250213,1
IDFM:TN:18738424,20250212,1
IDFM:TN:18739196,20250216,1
IDFM:TN:18739196,20250227,1
IDFM:TN:18739196,20250226,1
IDFM:TN:18739196,20250225,1
IDFM:TN:18739196,20250224,1
IDFM:TN:18739476,20250223,1
IDFM:TN:18739476,20250222,1
IDFM:TN:18739476,20250227,1
IDFM:TN:18739476,20250226,1
IDFM:TN:18739476,20250225,1
IDFM:TN:18739476,20250224,1
IDFM:TN:18739731,20250216,1
IDFM:TN:18739731,20250215,1
IDFM:TN:18739731,20250306,1
IDFM:TN:18739731,20250305,1
IDFM:TN:18739731,20250304,1
IDFM:TN:18739731,20250303,1
IDFM:TN:18740202,20250216,1
IDFM:TN:18740202,20250215,1
IDFM:TN:18740202,20250228,1
IDFM:TN:18740202,20250226,1
IDFM:TN:18740599,20250216,1
IDFM:TN:18740599,20250215,1
IDFM:TN:18740599,20250223,1
IDFM:TN:18740599,20250222,1
IDFM:TN:18740599,20250228,1
IDFM:TN:18740599,20250227,1
IDFM:TN:18740599,20250226,1
IDFM:TN:18740599,20250225,1
IDFM:TN:18740599,20250224,1
IDFM:TN:18740599,20250306,1
IDFM:TN:18740599,20250305,1
IDFM:TN:18740599,20250304,1
IDFM:TN:18740599,20250303,1
IDFM:TN:18740848,20250209,1
IDFM:TN:18740848,20250301,1
IDFM:TN:18744176,20250209,1
IDFM:TN:18744176,20250210,1
IDFM:TN:18744176,20250302,1
IDFM:TN:18744176,20250303,1
IDFM:TN:18744977,20250216,1
IDFM:TN:18744977,20250217,1
IDFM:TN:18747265,20250223,1
IDFM:TN:18747265,20250224,1
IDFM:TN:18751844,20250209,1
IDFM:TN:18751844,20250303,1
IDFM:TN:18752436,20250208,1
IDFM:TN:18752436,20250207,1
IDFM:TN:18752436,20250213,1
IDFM:TN:18752436,20250212,1
IDFM:TN:18752436,20250211,1
IDFM:TN:18752436,20250210,1
IDFM:TN:18752436,20250302,1
IDFM:TN:18752436,20250301,1
IDFM:TN:18752436,20250306,1
IDFM:TN:18752436,20250305,1
IDFM:TN:18752436,20250304,1
IDFM:TN:18752436,20250303,1
IDFM:TN:18754403,20250208,1
IDFM:TN:18754403,20250302,1
IDFM:TN:18754984,20250208,1
IDFM:TN:18754984,20250207,1
IDFM:TN:18754984,20250213,1
IDFM:TN:18754984,20250212,1
IDFM:TN:18754984,20250211,1
IDFM:TN:18754984,20250210,1
IDFM:TN:18754984,20250302,1
IDFM:TN:18754984,20250306,1
IDFM:TN:18754984,20250305,1
IDFM:TN:18754984,20250304,1
IDFM:TN:18754984,20250303,1
IDFM:TN:18755996,20250221,1
IDFM:TN:18755996,20250227,1
IDFM:TN:18755996,20250304,1
IDFM:TN:18756869,20250208,1
IDFM:TN:18756869,20250306,1
IDFM:TN:18756869,20250305,1
IDFM:TN:18756869,20250304,1
IDFM:TN:18756869,20250303,1
IDFM:TN:18762320,20250208,1
IDFM:TN:18762320,20250226,1
IDFM:TN:caedaa1f-a0df-30e3-8c43-b618147a8d86,20250209,1
IDFM:TN:caedaa1f-a0df-30e3-8c43-b618147a8d86,20250208,1
IDFM:TN:caedaa1f-a0df-30e3-8c43-b618147a8d86,20250214,1
IDFM:TN:caedaa1f-a0df-30e3-8c43-b618147a8d86,20250211,1
IDFM:TN:caedaa1f-a0df-30e3-8c43-b618147a8d86,20250210,1
IDFM:TN:caedaa1f-a0df-30e3-8c43-b618147a8d86,20250228,1
IDFM:TN:caedaa1f-a0df-30e3-8c43-b618147a8d86,20250227,1
IDFM:TN:caedaa1f-a0df-30e3-8c43-b618147a8d86,20250226,1
IDFM:TN:caedaa1f-a0df-30e3-8c43-b618147a8d86,20250306,1
IDFM:TN:caedaa1f-a0df-30e3-8c43-b618147a8d86,20250305,1
IDFM:TN:caedaa1f-a0df-30e3-8c43-b618147a8d86,20250304,1
IDFM:TN:caedaa1f-a0df-30e3-8c43-b618147a8d86,20250303,1
IDFM:TN:faad00f8-bc24-3469-a5ef-33bf1fdf1bd3,20250208,1
IDFM:TN:faad00f8-bc24-3469-a5ef-33bf1fdf1bd3,20250216,1
IDFM:TN:faad00f8-bc24-3469-a5ef-33bf1fdf1bd3,20250223,1
IDFM:TN:faad00f8-bc24-3469-a5ef-33bf1fdf1bd3,20250217,1
IDFM:TN:faad00f8-bc24-3469-a5ef-33bf1fdf1bd3,20250224,1
IDFM:TN:4d5a3cbb-c7ac-3894-86ae-37df48f49750,20250209,1
IDFM:TN:4d5a3cbb-c7ac-3894-86ae-37df48f49750,20250208,1
IDFM:TN:4d5a3cbb-c7ac-3894-86ae-37df48f49750,20250214,1
IDFM:TN:4d5a3cbb-c7ac-3894-86ae-37df48f49750,20250213,1
IDFM:TN:4d5a3cbb-c7ac-3894-86ae-37df48f49750,20250212,1
IDFM:TN:4d5a3cbb-c7ac-3894-86ae-37df48f49750,20250211,1
IDFM:TN:4d5a3cbb-c7ac-3894-86ae-37df48f49750,20250210,1
IDFM:TN:c0e974ba-72bc-3a29-a89c-b454ed44525e,20250209,1
IDFM:TN:c0e974ba-72bc-3a29-a89c-b454ed44525e,20250208,1
IDFM:TN:c0e974ba-72bc-3a29-a89c-b454ed44525e,20250306,1
IDFM:TN:c0e974ba-72bc-3a29-a89c-b454ed44525e,20250305,1
IDFM:TN:c0e974ba-72bc-3a29-a89c-b454ed44525e,20250304,1
IDFM:TN:c0e974ba-72bc-3a29-a89c-b454ed44525e,20250303,1
IDFM:TN:866f8211-28bc-30c8-936d-05651646e03f,20250208,1
IDFM:TN:866f8211-28bc-30c8-936d-05651646e03f,20250210,1
