service_id,monday,tuesday,wednesday,thursday,friday,saturday,sunday,start_date,end_date
IDFM:1,1,1,1,1,1,0,0,20250205,20250306
IDFM:10,1,1,0,1,1,0,0,20250206,20250306
IDFM:130,0,0,0,0,0,0,1,20250223,20250302
IDFM:147,0,0,0,0,0,0,1,20250209,20250216
IDFM:1000,1,1,1,1,1,1,1,20250205,20250306
IDFM:2586,0,1,0,1,0,0,0,20250206,20250306
IDFM:10000,1,1,1,1,1,1,0,20250205,20250306
IDFM:10013,0,0,0,0,0,0,1,20250209,20250302
IDFM:10076,0,0,1,0,0,0,0,20250205,20250305
IDFM:10078,1,1,1,1,1,1,0,20250205,20250306
IDFM:10085,0,0,1,0,0,1,0,20250205,20250305
IDFM:10089,0,0,0,0,0,1,0,20250208,20250215
IDFM:11000,1,1,1,1,1,1,0,20250205,20250301
IDFM:11213,1,1,1,1,1,0,1,20250205,20250306
IDFM:11244,0,0,0,0,1,1,0,20250207,20250301
IDFM:13777,0,0,1,0,1,0,0,20250205,20250305
IDFM:13781,1,1,0,1,0,0,0,20250206,20250306
IDFM:14128,1,0,0,0,0,0,0,20250210,20250303
IDFM:14270,0,1,1,1,1,1,0,20250205,20250306
IDFM:14676,1,1,0,1,1,0,0,20250206,20250306
IDFM:14688,0,0,1,0,0,0,0,20250205,20250305
IDFM:21457,0,0,0,0,0,0,1,20250216,20250223
IDFM:28377,0,1,1,1,1,0,0,20250205,20250228
IDFM:30664,1,1,1,1,1,1,0,20250209,20250301
IDFM:32109,1,1,1,1,1,0,0,20250205,20250306
IDFM:38855,0,1,1,1,1,0,0,20250205,20250306
IDFM:43128,0,1,0,1,1,0,0,20250206,20250228
IDFM:43129,0,1,0,1,1,0,0,20250206,20250306
IDFM:43390,1,0,1,0,0,0,0,20250205,20250305
IDFM:43554,1,0,1,0,0,0,0,20250205,20250226
IDFM:43883,1,0,1,0,0,0,0,20250303,20250305
IDFM:62672,1,1,0,1,0,0,0,20250217,20250227
IDFM:67520,0,0,0,0,1,0,0,20250207,20250306
IDFM:67546,0,0,1,1,0,0,0,20250205,20250305
IDFM:72029,1,0,1,1,1,0,0,20250217,20250228
IDFM:75177,0,0,1,1,0,0,0,20250205,20250306
IDFM:75188,1,1,0,0,1,0,0,20250207,20250304
IDFM:81723,0,0,1,0,1,0,0,20250205,20250214
IDFM:82401,0,0,0,1,0,1,0,20250206,20250215
IDFM:82683,0,0,0,0,1,0,0,20250221,20250228
IDFM:96995,0,0,0,0,1,0,0,20250209,20250228
IDFM:99819,1,0,0,0,1,0,0,20250207,20250303
IDFM:100000,0,1,1,1,0,0,0,20250205,20250306
IDFM:100001,0,1,1,1,1,0,0,20250205,20250306
IDFM:100003,0,0,0,0,1,0,0,20250207,20250214
IDFM:100004,1,0,0,0,0,0,0,20250210,20250303
IDFM:100138,1,1,1,1,0,0,0,20250205,20250306
IDFM:100139,1,1,1,1,1,0,0,20250217,20250228
IDFM:100189,1,1,1,1,0,0,0,20250217,20250227
IDFM:100234,0,0,0,0,1,0,0,20250221,20250228
IDFM:100239,0,0,0,0,0,1,0,20250222,20250301
IDFM:100644,0,0,0,0,0,1,0,20250208,20250301
IDFM:100890,1,1,1,1,1,0,0,20250205,20250306
IDFM:100899,1,1,1,1,0,0,0,20250205,20250306
IDFM:100913,0,0,0,0,1,0,0,20250207,20250228
IDFM:101036,0,0,0,0,0,1,1,20250208,20250302
IDFM:101310,0,0,1,1,1,0,0,20250205,20250214
IDFM:101749,1,1,1,1,1,0,0,20250205,20250228
IDFM:101985,0,0,1,1,0,0,0,20250205,20250213
IDFM:101999,0,0,0,0,0,1,0,20250208,20250301
IDFM:102459,0,0,0,0,0,1,0,20250207,20250301
IDFM:102656,1,1,1,1,0,0,1,20250205,20250302
IDFM:103518,0,0,1,1,0,1,0,20250205,20250306
IDFM:103522,0,0,0,0,0,1,0,20250208,20250301
IDFM:104069,0,0,0,1,1,0,0,20250206,20250214
IDFM:104158,0,0,0,0,0,1,0,20250205,20250301
IDFM:104159,0,0,1,0,0,0,0,20250205,20250212
IDFM:104185,1,1,1,1,0,0,0,20250205,20250227
IDFM:104499,1,1,1,1,0,0,0,20250205,20250228
IDFM:104932,0,0,0,0,0,0,1,20250216,20250302
IDFM:105475,0,0,0,0,0,0,1,20250209,20250209
IDFM:105628,1,1,1,1,0,0,1,20250216,20250302
IDFM:105629,1,1,1,1,1,0,1,20250216,20250302
IDFM:105630,0,0,0,0,0,0,1,20250209,20250302
IDFM:106408,1,1,1,1,0,0,0,20250205,20250227
IDFM:106606,0,0,0,0,0,1,0,20250208,20250208
IDFM:106913,0,0,0,0,0,1,0,20250215,20250301
IDFM:107529,0,0,0,0,0,0,1,20250209,20250302
IDFM:107980,1,1,1,1,1,0,0,20250205,20250304
IDFM:108071,1,1,1,1,0,0,0,20250205,20250304
IDFM:109114,0,0,1,1,0,0,0,20250305,20250306
IDFM:111568,1,1,1,1,0,0,0,20250205,20250306
IDFM:111570,1,0,1,1,0,0,0,20250205,20250306
IDFM:111579,0,1,0,0,1,0,0,20250207,20250304
IDFM:111623,0,1,0,0,0,0,0,20250211,20250304
IDFM:111890,0,1,0,0,1,0,0,20250207,20250304
IDFM:112010,1,0,1,1,0,0,0,20250205,20250306
IDFM:112018,1,0,1,1,0,0,0,20250205,20250306
IDFM:112153,1,1,1,1,0,0,0,20250205,20250306
IDFM:112243,0,1,0,0,0,0,0,20250211,20250304
IDFM:112283,0,0,0,0,1,0,0,20250207,20250228
IDFM:112293,1,0,1,1,0,0,0,20250205,20250306
IDFM:112337,0,1,0,0,1,0,0,20250207,20250304
IDFM:112341,1,0,1,1,1,0,0,20250205,20250306
IDFM:112362,0,1,1,1,1,0,0,20250205,20250306
IDFM:112418,0,0,1,1,0,0,0,20250205,20250306
IDFM:112422,0,0,0,0,1,0,0,20250207,20250228
IDFM:112526,0,1,0,0,0,0,0,20250211,20250304
IDFM:112613,1,0,1,1,0,0,0,20250217,20250227
IDFM:112636,0,1,0,0,1,0,0,20250218,20250228
IDFM:112973,0,0,0,0,0,1,1,20250209,20250302
IDFM:113048,1,1,1,1,1,0,0,20250205,20250306
IDFM:115930,0,0,1,1,0,1,0,20250205,20250306
IDFM:116830,1,1,1,1,1,1,0,20250215,20250301
IDFM:116869,0,0,1,1,0,0,1,20250205,20250306
IDFM:117970,1,1,0,1,0,0,0,20250206,20250306
IDFM:118580,1,1,0,1,1,0,0,20250217,20250228
IDFM:118727,0,0,1,0,0,0,0,20250219,20250226
IDFM:118937,0,0,1,0,1,0,0,20250205,20250305
IDFM:121613,1,1,1,1,0,0,0,20250205,20250306
IDFM:121621,0,0,0,0,0,1,0,20250208,20250301
IDFM:122552,0,0,1,1,0,0,1,20250205,20250306
IDFM:122823,0,0,0,0,0,0,1,20250209,20250223
IDFM:122846,0,0,0,0,0,0,1,20250208,20250302
IDFM:123739,0,0,0,0,0,0,1,20250302,20250302
IDFM:123751,1,1,1,1,0,0,0,20250303,20250306
IDFM:127158,0,0,0,0,0,1,0,20250222,20250222
IDFM:127274,0,0,1,0,0,0,0,20250305,20250305
IDFM:127276,0,0,0,0,0,1,0,20250301,20250301
IDFM:127375,1,1,0,1,0,0,0,20250303,20250306
IDFM:128434,0,0,1,1,0,1,1,20250205,20250306
IDFM:129678,0,0,1,1,1,0,0,20250205,20250228
IDFM:129679,0,0,0,1,1,0,0,20250205,20250306
IDFM:129681,0,0,1,1,1,0,0,20250205,20250306
IDFM:129682,1,1,1,1,0,0,0,20250217,20250227
IDFM:129741,1,1,1,1,1,0,0,20250205,20250227
IDFM:129752,0,0,1,0,1,0,0,20250205,20250305
IDFM:129783,1,1,1,1,1,0,0,20250205,20250306
IDFM:129787,0,0,1,1,1,0,0,20250205,20250305
IDFM:129850,0,0,0,0,0,1,0,20250208,20250222
IDFM:129885,1,1,1,1,0,0,0,20250217,20250306
IDFM:130034,0,0,0,0,1,0,0,20250228,20250228
IDFM:130756,0,0,1,0,0,0,0,20250205,20250306
IDFM:131045,0,0,0,0,0,1,1,20250208,20250302
IDFM:131069,1,1,0,1,1,0,0,20250206,20250306
IDFM:131096,0,0,0,0,0,0,1,20250208,20250302
IDFM:131100,0,0,0,0,0,1,0,20250209,20250301
IDFM:131101,0,0,0,1,1,0,0,20250206,20250305
IDFM:131402,1,1,1,1,1,0,0,20250209,20250228
IDFM:131509,0,0,0,0,0,1,1,20250208,20250302
IDFM:132431,0,0,0,0,0,1,1,20250208,20250223
IDFM:133154,0,0,0,0,0,0,1,20250209,20250228
IDFM:133624,0,0,1,1,1,1,0,20250205,20250222
IDFM:134571,1,1,1,1,1,1,0,20250217,20250301
IDFM:134987,1,1,1,1,1,1,0,20250205,20250228
IDFM:135461,0,0,0,0,0,1,0,20250208,20250228
IDFM:138611,1,1,1,1,1,0,1,20250205,20250228
IDFM:145092,1,1,1,1,1,0,0,20250217,20250306
IDFM:145283,0,0,0,0,0,1,1,20250208,20250301
IDFM:149268,0,0,0,0,1,0,0,20250207,20250306
IDFM:155347,1,1,1,0,0,0,0,20250210,20250226
IDFM:155394,0,0,1,1,0,0,0,20250205,20250213
IDFM:155554,0,0,0,0,1,0,0,20250207,20250301
IDFM:155557,1,0,0,0,0,0,0,20250210,20250224
IDFM:155558,0,0,0,0,0,0,1,20250209,20250302
IDFM:155560,1,0,0,1,0,0,0,20250205,20250227
IDFM:155604,1,1,1,1,0,0,0,20250210,20250227
IDFM:155745,1,0,0,0,0,0,0,20250205,20250224
IDFM:155790,0,0,0,0,0,0,1,20250205,20250302
IDFM:155796,1,1,1,1,1,0,1,20250205,20250302
IDFM:155875,0,0,0,0,0,0,1,20250209,20250302
IDFM:155905,1,1,1,1,1,0,0,20250210,20250228
IDFM:156026,1,0,0,1,0,0,0,20250210,20250227
IDFM:156090,0,1,1,0,0,0,0,20250218,20250226
IDFM:156102,0,1,1,0,0,0,0,20250205,20250226
IDFM:156112,0,0,0,1,0,0,0,20250205,20250227
IDFM:156134,0,1,1,1,0,0,0,20250205,20250227
IDFM:156149,0,0,0,0,1,0,0,20250207,20250228
IDFM:156188,1,0,0,0,0,0,1,20250209,20250302
IDFM:156218,0,1,1,1,0,0,0,20250218,20250227
IDFM:156241,1,0,0,0,1,0,0,20250207,20250228
IDFM:156282,0,1,1,0,1,0,0,20250218,20250228
IDFM:156320,0,0,0,1,0,0,0,20250220,20250227
IDFM:156343,0,0,0,1,0,1,0,20250220,20250301
IDFM:156463,0,0,0,0,1,1,0,20250221,20250301
IDFM:165805,0,0,0,0,0,0,1,20250208,20250302
IDFM:168966,0,0,1,1,1,0,0,20250205,20250306
IDFM:171697,1,1,1,1,1,0,0,20250205,20250306
IDFM:171861,1,1,1,1,1,0,0,20250205,20250306
IDFM:172528,0,0,1,1,1,0,0,20250205,20250214
IDFM:173238,1,1,1,1,0,1,0,20250215,20250306
IDFM:173239,1,1,1,1,0,0,0,20250215,20250306
IDFM:173812,0,1,1,1,1,0,0,20250210,20250228
IDFM:173813,1,0,0,0,0,0,0,20250210,20250210
IDFM:174051,0,1,1,1,1,0,0,20250205,20250306
IDFM:174085,0,1,1,1,1,0,0,20250218,20250228
IDFM:174088,1,0,0,0,0,0,0,20250303,20250303
IDFM:174094,1,0,0,0,0,0,0,20250217,20250224
IDFM:174112,1,0,0,0,0,0,0,20250217,20250303
IDFM:174337,1,1,1,1,1,1,1,20250205,20250228
IDFM:176150,0,0,1,0,0,0,0,20250205,20250226
IDFM:176161,1,1,0,1,1,0,0,20250206,20250228
IDFM:178318,0,0,1,1,1,1,0,20250205,20250215
IDFM:178321,0,0,0,0,0,1,0,20250205,20250301
IDFM:184531,1,1,0,1,1,1,0,20250206,20250306
IDFM:185121,0,0,1,1,0,0,0,20250205,20250306
IDFM:185123,0,0,1,1,0,0,1,20250205,20250306
IDFM:185223,0,0,0,0,0,0,1,20250208,20250302
IDFM:185227,0,0,0,0,0,1,1,20250209,20250302
IDFM:185315,0,0,0,0,0,0,1,20250208,20250302
IDFM:185531,1,1,1,1,1,0,0,20250208,20250228
IDFM:185533,0,0,1,1,0,0,1,20250205,20250306
IDFM:185534,1,1,1,1,1,1,1,20250205,20250306
IDFM:186272,0,0,1,0,0,1,0,20250205,20250301
IDFM:186918,1,1,1,1,0,0,1,20250205,20250306
IDFM:187037,1,1,1,1,0,1,1,20250205,20250306
IDFM:189950,0,0,1,1,0,0,0,20250205,20250306
IDFM:189951,1,1,1,1,1,0,0,20250205,20250306
IDFM:189957,0,0,1,1,1,0,0,20250205,20250306
IDFM:189960,1,1,1,1,0,0,0,20250205,20250306
IDFM:189964,1,1,1,1,0,0,0,20250205,20250306
IDFM:189965,0,0,0,0,0,1,0,20250208,20250222
IDFM:189969,1,1,1,1,0,1,1,20250205,20250306
IDFM:189980,1,1,1,1,1,1,1,20250205,20250306
IDFM:189998,0,0,0,0,1,0,1,20250207,20250223
IDFM:190028,0,0,0,0,0,0,1,20250209,20250223
IDFM:190095,1,1,1,1,1,0,0,20250205,20250306
IDFM:190098,1,1,1,1,0,0,0,20250205,20250306
IDFM:190123,1,0,1,1,0,0,0,20250205,20250306
IDFM:190151,1,1,1,1,1,1,0,20250205,20250306
IDFM:190173,1,1,1,1,0,1,0,20250205,20250306
IDFM:190198,1,1,1,1,0,0,0,20250205,20250306
IDFM:190391,0,0,0,1,0,0,0,20250205,20250306
IDFM:190429,1,1,0,0,0,0,0,20250217,20250225
IDFM:190430,1,1,0,0,0,0,0,20250217,20250225
IDFM:190440,0,0,0,0,0,1,0,20250208,20250225
IDFM:190484,0,0,0,0,1,1,0,20250207,20250222
IDFM:190616,0,0,0,0,1,1,0,20250207,20250222
IDFM:190655,0,0,0,0,1,0,0,20250207,20250221
IDFM:191001,1,1,1,1,0,1,0,20250205,20250306
IDFM:191082,0,0,0,1,0,1,0,20250205,20250306
IDFM:191210,0,0,0,1,0,1,0,20250205,20250306
IDFM:191276,0,0,0,0,0,1,0,20250208,20250225
IDFM:191714,0,0,1,1,1,0,0,20250226,20250228
IDFM:191715,0,0,0,0,1,0,0,20250221,20250221
IDFM:191720,0,1,0,0,0,0,0,20250225,20250225
IDFM:191722,1,0,0,0,0,0,0,20250217,20250224
IDFM:191732,1,1,1,1,0,0,1,20250205,20250306
IDFM:191734,0,0,0,0,0,0,1,20250209,20250225
IDFM:192100,0,0,1,1,0,0,0,20250226,20250227
IDFM:192278,0,0,1,1,1,1,0,20250226,20250301
IDFM:192431,1,0,1,1,0,0,1,20250205,20250306
IDFM:192798,1,1,1,1,1,0,1,20250205,20250306
IDFM:193060,1,1,1,0,0,0,0,20250303,20250305
IDFM:193067,0,0,1,1,1,0,1,20250226,20250302
IDFM:193070,0,0,0,0,1,1,0,20250228,20250301
IDFM:193489,0,0,0,0,0,1,1,20250301,20250302
IDFM:193642,0,0,1,1,0,0,1,20250226,20250302
IDFM:194333,0,0,1,1,1,1,1,20250226,20250302
IDFM:194366,0,0,0,0,1,1,1,20250228,20250302
IDFM:194953,0,0,0,1,0,0,1,20250205,20250306
IDFM:195055,0,0,0,0,1,0,0,20250207,20250228
IDFM:195057,1,1,1,1,1,0,0,20250205,20250306
IDFM:195058,1,1,1,1,0,0,0,20250205,20250306
IDFM:195065,1,1,1,1,1,1,1,20250205,20250306
IDFM:195083,0,0,0,0,0,0,1,20250209,20250302
IDFM:195097,0,0,0,0,0,1,0,20250208,20250301
IDFM:195117,1,1,1,1,0,0,1,20250205,20250306
IDFM:195134,0,0,0,0,0,1,1,20250208,20250302
IDFM:195187,1,1,1,1,1,1,1,20250205,20250306
IDFM:195189,1,1,1,1,1,0,1,20250205,20250306
IDFM:195282,0,0,0,0,1,0,1,20250207,20250302
IDFM:195314,1,1,1,1,1,0,0,20250205,20250306
IDFM:195350,1,1,1,1,0,0,0,20250205,20250306
IDFM:195463,1,1,1,1,1,1,0,20250205,20250306
IDFM:195609,1,1,1,1,0,1,0,20250205,20250306
IDFM:195686,0,0,0,0,1,1,0,20250207,20250301
IDFM:196986,1,1,1,1,0,0,0,20250217,20250220
IDFM:196994,0,0,0,0,0,0,1,20250216,20250216
IDFM:197035,0,0,0,0,0,1,1,20250215,20250216
IDFM:197485,0,0,0,0,0,1,0,20250215,20250215
IDFM:197784,0,0,0,0,1,1,0,20250207,20250301
IDFM:199964,0,0,0,0,1,0,1,20250207,20250302
IDFM:200004,1,1,1,1,0,1,0,20250205,20250306
IDFM:203767,1,1,1,1,0,1,1,20250205,20250306
IDFM:204082,0,0,1,1,0,1,0,20250205,20250306
IDFM:204083,1,1,1,1,0,1,0,20250205,20250306
IDFM:204806,0,0,0,0,0,0,1,20250207,20250302
IDFM:205051,1,1,1,1,0,0,1,20250206,20250306
IDFM:205645,0,0,0,0,0,1,0,20250208,20250301
IDFM:205752,0,0,1,0,0,0,0,20250205,20250212
IDFM:205772,1,1,1,1,1,1,1,20250206,20250306
IDFM:205840,1,1,1,1,0,1,1,20250206,20250306
IDFM:205880,1,1,1,1,0,1,1,20250206,20250306
IDFM:205896,1,1,1,1,1,0,1,20250205,20250306
IDFM:206118,1,1,1,1,1,0,0,20250206,20250306
IDFM:206119,1,1,1,1,0,0,0,20250206,20250306
IDFM:206664,1,1,1,1,1,0,1,20250206,20250306
IDFM:207615,0,0,1,1,0,0,0,20250205,20250306
IDFM:207986,0,0,0,0,1,1,1,20250207,20250302
IDFM:209806,1,1,1,1,1,0,0,20250207,20250306
IDFM:209807,0,0,0,0,1,0,0,20250207,20250306
IDFM:210176,1,1,1,1,0,0,0,20250207,20250306
IDFM:210249,0,0,0,0,1,0,0,20250221,20250306
IDFM:210939,0,0,0,0,1,1,0,20250205,20250301
IDFM:211245,1,1,1,1,0,0,0,20250217,20250306
IDFM:212916,0,0,1,1,0,0,1,20250205,20250306
IDFM:213362,0,0,1,1,0,1,0,20250205,20250306
IDFM:213772,0,0,1,1,0,1,1,20250205,20250306
IDFM:213861,0,0,0,0,0,1,1,20250208,20250302
IDFM:218071,0,0,0,0,0,1,0,20250208,20250306
IDFM:219093,0,0,0,0,0,0,1,20250209,20250306
IDFM:219835,1,1,1,1,0,1,0,20250205,20250301
IDFM:220107,0,0,0,0,0,1,1,20250208,20250306
IDFM:220373,1,1,1,1,1,0,0,20250205,20250306
IDFM:220375,1,1,1,1,1,0,0,20250205,20250306
IDFM:220381,0,0,0,0,0,1,1,20250208,20250216
IDFM:220390,1,1,1,1,1,0,1,20250205,20250306
IDFM:220485,1,1,1,1,1,0,1,20250205,20250306
IDFM:221122,0,0,0,0,1,0,0,20250207,20250228
IDFM:221191,1,1,1,1,0,0,1,20250205,20250306
IDFM:221217,0,0,0,0,0,0,1,20250209,20250302
IDFM:221895,1,1,1,1,0,0,0,20250205,20250306
IDFM:222269,0,0,0,0,0,1,1,20250222,20250302
IDFM:222435,0,0,1,1,0,0,0,20250205,20250306
IDFM:222449,0,0,1,1,0,0,0,20250205,20250306
IDFM:222592,1,1,1,1,1,1,1,20250217,20250302
IDFM:222604,0,0,1,1,0,1,0,20250205,20250306
IDFM:222774,0,0,0,0,0,1,0,20250208,20250302
IDFM:222788,0,0,1,1,0,0,0,20250205,20250306
IDFM:222866,1,1,1,1,1,0,0,20250205,20250306
IDFM:222905,1,1,1,1,0,1,1,20250217,20250302
IDFM:222970,0,0,1,1,0,0,0,20250205,20250306
IDFM:223185,0,0,0,0,0,1,0,20250208,20250302
IDFM:223679,1,1,1,1,1,1,1,20250205,20250306
IDFM:227318,0,0,0,1,0,0,0,20250206,20250306
IDFM:227478,0,0,0,0,0,0,1,20250207,20250302
IDFM:227571,0,0,0,0,0,1,1,20250207,20250302
IDFM:227742,0,0,0,1,0,0,0,20250206,20250306
IDFM:228588,0,1,1,0,0,0,1,20250205,20250305
IDFM:229694,1,1,0,0,0,0,0,20250210,20250304
IDFM:229973,1,0,0,1,0,0,0,20250217,20250227
IDFM:230814,0,0,0,1,1,0,0,20250206,20250306
IDFM:230827,0,0,0,1,1,0,0,20250206,20250306
IDFM:230843,0,1,0,0,0,0,0,20250210,20250304
IDFM:230858,0,1,0,0,0,0,0,20250218,20250225
IDFM:230946,0,1,1,0,0,0,0,20250205,20250305
IDFM:230992,0,1,1,0,0,1,0,20250205,20250305
IDFM:231168,0,1,1,0,1,0,0,20250205,20250305
IDFM:231330,0,0,0,1,0,0,0,20250206,20250306
IDFM:231334,0,1,1,0,1,0,0,20250205,20250305
IDFM:232573,1,1,1,1,0,0,1,20250205,20250306
IDFM:232592,0,0,1,1,0,1,1,20250205,20250306
IDFM:232765,0,0,0,0,1,1,0,20250207,20250301
IDFM:232983,0,0,1,1,1,1,0,20250205,20250306
IDFM:235347,0,0,0,1,0,0,0,20250206,20250306
IDFM:235356,1,1,1,0,0,1,1,20250205,20250305
IDFM:235360,1,1,1,0,1,1,1,20250205,20250305
IDFM:235366,0,1,0,0,0,0,0,20250211,20250304
IDFM:235375,0,0,0,1,1,0,0,20250206,20250306
IDFM:235376,0,0,1,1,1,0,0,20250205,20250306
IDFM:235391,0,0,1,1,0,0,0,20250205,20250306
IDFM:235406,1,1,1,0,0,0,0,20250205,20250305
IDFM:235419,1,0,1,1,1,1,1,20250205,20250306
IDFM:235487,1,0,0,0,0,1,1,20250208,20250303
IDFM:235500,0,1,1,1,1,0,0,20250205,20250306
IDFM:235716,1,0,1,0,0,1,1,20250205,20250305
IDFM:235806,0,0,0,0,0,0,1,20250209,20250223
IDFM:236251,0,0,0,0,1,0,0,20250207,20250222
IDFM:236465,0,0,0,0,0,0,1,20250209,20250228
IDFM:236783,1,1,1,1,1,0,0,20250217,20250228
IDFM:237336,0,0,0,0,1,1,0,20250207,20250228
IDFM:237339,1,1,1,1,0,1,0,20250205,20250227
IDFM:237433,0,0,1,1,0,0,1,20250205,20250223
IDFM:237456,0,0,1,1,0,1,0,20250205,20250222
IDFM:237556,0,0,0,0,1,1,0,20250207,20250228
IDFM:237611,0,0,1,1,0,1,1,20250205,20250223
IDFM:237644,1,1,1,1,0,0,1,20250205,20250227
IDFM:237996,0,0,1,1,1,0,1,20250205,20250223
IDFM:238009,0,0,0,0,1,1,1,20250207,20250223
IDFM:238014,0,0,0,0,1,0,1,20250207,20250228
IDFM:238017,0,0,0,0,0,0,1,20250207,20250227
IDFM:238023,0,0,0,0,1,1,1,20250207,20250228
IDFM:238193,0,0,0,0,1,0,1,20250205,20250228
IDFM:238196,0,0,0,0,0,1,1,20250208,20250228
IDFM:238337,0,0,0,0,0,1,0,20250208,20250227
IDFM:238509,0,0,0,0,0,1,0,20250208,20250228
IDFM:238563,1,1,1,1,0,0,1,20250205,20250228
IDFM:238700,1,1,1,1,1,0,0,20250205,20250228
IDFM:239074,1,1,1,1,0,0,0,20250205,20250227
IDFM:239153,0,0,0,0,0,1,1,20250208,20250222
IDFM:239216,1,1,1,1,1,0,0,20250217,20250221
IDFM:239316,0,0,1,1,1,1,0,20250205,20250228
IDFM:239689,0,0,1,1,1,0,0,20250205,20250228
IDFM:239792,0,0,0,0,1,0,0,20250207,20250228
IDFM:240001,0,0,0,0,0,0,1,20250223,20250223
IDFM:240009,0,0,0,0,0,1,0,20250208,20250223
IDFM:240974,1,0,1,1,1,0,0,20250205,20250228
IDFM:240975,1,0,1,1,1,1,1,20250205,20250228
IDFM:241021,0,1,1,0,0,0,0,20250211,20250212
IDFM:241041,0,0,0,0,0,1,1,20250208,20250223
IDFM:241631,0,0,0,0,0,1,1,20250208,20250209
IDFM:241632,0,0,1,1,1,0,0,20250205,20250207
IDFM:241696,1,1,1,1,1,0,0,20250210,20250228
IDFM:241698,0,0,0,0,0,1,1,20250215,20250223
IDFM:244348,0,0,1,1,1,1,1,20250205,20250223
IDFM:244382,0,0,0,0,0,1,1,20250208,20250228
IDFM:245189,1,0,1,1,0,0,0,20250205,20250227
IDFM:245197,0,0,1,1,0,0,0,20250205,20250213
IDFM:245211,1,0,1,1,0,0,0,20250205,20250228
IDFM:245216,1,0,1,1,0,0,0,20250205,20250227
IDFM:245219,0,1,0,0,1,0,0,20250207,20250228
IDFM:245232,0,0,0,0,1,0,0,20250207,20250214
IDFM:245315,0,0,0,0,0,1,0,20250208,20250228
IDFM:245427,0,0,1,1,0,0,1,20250205,20250223
IDFM:245456,0,0,0,0,1,1,0,20250207,20250222
IDFM:245712,0,0,0,0,0,1,0,20250208,20250227
IDFM:245983,0,0,0,0,0,0,1,20250209,20250228
IDFM:245987,0,1,0,0,1,0,0,20250207,20250228
IDFM:245994,0,1,0,0,1,1,0,20250207,20250228
IDFM:245998,0,1,0,0,1,1,0,20250207,20250228
IDFM:246015,0,0,1,1,0,1,0,20250205,20250222
IDFM:246019,0,0,0,0,1,0,1,20250207,20250223
IDFM:246031,1,0,1,1,0,0,1,20250205,20250228
IDFM:246040,0,0,0,0,1,1,1,20250207,20250223
IDFM:246086,0,0,0,0,0,1,1,20250208,20250228
IDFM:246088,0,0,0,0,0,0,1,20250209,20250227
IDFM:246092,0,1,0,0,1,0,0,20250205,20250228
IDFM:246094,1,0,1,1,0,1,0,20250205,20250227
IDFM:246131,1,0,1,1,0,1,0,20250205,20250228
IDFM:246149,0,1,0,0,1,0,1,20250207,20250228
IDFM:246282,1,0,1,1,0,0,1,20250205,20250227
IDFM:246288,1,0,1,1,0,1,1,20250205,20250228
IDFM:246339,0,1,0,0,1,0,1,20250205,20250228
IDFM:246343,1,0,1,1,0,0,1,20250205,20250227
IDFM:246344,0,1,0,0,1,1,1,20250205,20250228
IDFM:246349,0,1,0,0,1,1,1,20250207,20250228
IDFM:246389,0,0,0,0,0,0,1,20250205,20250228
IDFM:246402,0,0,1,1,0,1,1,20250205,20250223
IDFM:246469,0,0,0,0,0,1,1,20250207,20250227
IDFM:246541,0,0,0,0,0,0,1,20250207,20250227
IDFM:247754,0,0,1,1,1,0,0,20250205,20250222
IDFM:248033,0,0,1,1,1,1,1,20250205,20250223
IDFM:248034,0,0,0,0,0,1,1,20250208,20250223
IDFM:248089,0,0,0,0,0,0,1,20250208,20250228
IDFM:248092,1,1,1,1,1,0,1,20250205,20250228
IDFM:248109,1,1,1,1,1,0,0,20250205,20250228
IDFM:248395,1,1,1,1,1,0,0,20250205,20250306
IDFM:250358,1,1,1,1,1,0,0,20250205,20250228
IDFM:250366,0,0,0,0,1,0,0,20250205,20250228
IDFM:250367,0,0,1,1,1,0,1,20250205,20250223
IDFM:250375,1,1,1,1,1,0,1,20250216,20250228
IDFM:250601,0,0,1,1,1,0,0,20250205,20250222
IDFM:250609,1,1,1,1,1,0,1,20250205,20250228
IDFM:250613,0,0,1,1,1,0,0,20250205,20250214
IDFM:250615,1,1,1,1,0,1,1,20250205,20250228
IDFM:250616,1,1,1,1,0,0,1,20250205,20250228
IDFM:250619,1,1,1,1,1,0,0,20250205,20250228
IDFM:250687,0,0,1,1,1,1,0,20250205,20250215
IDFM:250720,0,0,0,0,0,1,1,20250208,20250223
IDFM:250721,0,0,0,0,0,0,1,20250216,20250223
IDFM:250722,1,1,1,1,1,0,0,20250205,20250228
IDFM:250775,0,0,1,1,1,1,1,20250205,20250223
IDFM:250776,0,0,0,0,0,1,0,20250208,20250228
IDFM:252291,0,0,1,1,0,0,0,20250205,20250306
IDFM:252713,0,0,0,0,0,1,1,20250208,20250302
IDFM:253065,1,1,1,1,1,1,1,20250205,20250306
IDFM:260539,1,0,0,0,0,0,0,20250224,20250224
IDFM:262192,1,0,0,0,0,0,0,20250217,20250217
IDFM:262750,0,1,1,1,1,0,0,20250218,20250221
IDFM:263732,0,1,1,0,0,0,0,20250205,20250226
IDFM:263758,0,0,1,1,0,0,0,20250205,20250227
IDFM:264953,0,0,0,1,1,0,0,20250227,20250228
IDFM:271432,1,1,1,1,1,0,0,20250205,20250306
IDFM:271437,1,1,0,1,1,0,0,20250206,20250306
IDFM:271438,0,0,1,0,0,0,0,20250205,20250305
IDFM:271548,0,0,0,0,1,0,0,20250207,20250228
IDFM:278706,1,1,0,1,1,0,0,20250206,20250306
IDFM:279939,0,1,1,1,1,0,0,20250205,20250306
IDFM:284242,1,0,1,1,1,0,0,20250205,20250306
IDFM:285458,1,0,0,0,0,0,0,20250210,20250217
IDFM:285717,1,0,0,0,0,0,0,20250224,20250303
IDFM:288272,1,1,1,1,1,1,1,20250205,20250302
IDFM:296306,0,0,1,0,0,0,0,20250205,20250305
IDFM:297827,0,1,1,1,1,1,0,20250218,20250301
IDFM:297859,0,0,1,1,1,1,0,20250205,20250215
IDFM:298532,0,0,1,0,0,0,0,20250205,20250212
IDFM:298536,0,0,0,1,0,0,0,20250206,20250213
IDFM:299358,0,0,0,1,0,0,0,20250206,20250213
IDFM:300434,0,1,1,1,1,1,0,20250205,20250301
IDFM:302353,0,0,1,1,1,1,1,20250205,20250216
IDFM:307147,1,0,0,0,0,0,1,20250217,20250302
IDFM:307414,0,0,0,0,0,0,1,20250209,20250216
IDFM:308317,0,0,1,0,0,1,0,20250205,20250215
IDFM:308495,0,0,0,1,0,0,0,20250206,20250213
IDFM:313862,0,1,1,1,1,1,0,20250205,20250227
IDFM:315266,0,1,0,0,0,0,0,20250211,20250211
IDFM:315296,0,0,1,1,1,0,0,20250205,20250214
IDFM:315327,0,0,1,0,1,0,0,20250205,20250214
IDFM:315469,1,1,1,0,1,0,0,20250217,20250305
IDFM:315495,1,0,1,1,1,0,0,20250217,20250306
IDFM:315503,0,0,0,1,0,0,0,20250220,20250306
IDFM:315504,0,1,0,0,0,0,0,20250218,20250304
IDFM:320704,0,1,1,1,0,0,0,20250304,20250306
IDFM:328454,0,0,1,0,0,1,0,20250219,20250301
IDFM:339273,1,1,1,1,1,1,1,20250217,20250306
IDFM:340674,1,1,0,1,1,0,0,20250217,20250306
IDFM:341832,0,1,0,1,0,0,0,20250206,20250306
IDFM:343785,0,1,1,1,1,1,0,20250205,20250306
IDFM:346249,0,1,1,1,1,1,0,20250218,20250306
IDFM:353164,0,0,0,0,1,0,0,20250207,20250214
IDFM:353183,1,1,0,0,0,0,0,20250303,20250304
IDFM:353184,0,0,0,1,0,0,0,20250306,20250306
IDFM:354917,1,1,1,1,1,1,1,20250218,20250306
IDFM:356218,0,0,1,0,0,0,0,20250219,20250305
IDFM:356493,0,0,1,1,1,0,0,20250205,20250214
IDFM:356547,0,1,1,1,1,0,0,20250218,20250306
IDFM:364442,1,1,1,1,1,1,0,20250217,20250306
IDFM:373200,1,1,0,1,1,1,0,20250206,20250306
IDFM:374946,0,0,1,1,0,0,0,20250205,20250306
IDFM:374962,1,1,1,1,1,0,0,20250210,20250214
IDFM:375190,0,0,0,0,0,0,1,20250209,20250302
IDFM:375282,1,0,1,1,1,0,0,20250205,20250303
IDFM:376116,0,1,0,1,0,0,0,20250304,20250306
IDFM:377321,1,0,1,1,1,1,0,20250205,20250303
IDFM:377426,1,0,1,1,1,0,1,20250205,20250303
IDFM:377680,1,1,1,1,1,0,1,20250217,20250302
IDFM:377864,0,0,0,0,0,1,1,20250208,20250302
IDFM:377889,1,1,1,1,1,1,1,20250205,20250306
IDFM:380820,1,1,1,1,1,0,1,20250205,20250306
IDFM:382189,1,1,1,1,1,0,0,20250205,20250303
IDFM:382196,1,1,0,1,1,0,0,20250206,20250303
IDFM:383059,1,1,1,0,1,0,0,20250205,20250305
IDFM:383076,0,0,0,1,0,0,1,20250206,20250306
IDFM:383128,1,1,1,0,1,1,0,20250205,20250305
IDFM:384992,0,1,1,1,1,1,1,20250205,20250306
IDFM:386320,0,0,1,0,0,1,0,20250205,20250305
IDFM:388392,0,0,0,1,1,0,0,20250220,20250228
IDFM:388535,1,1,1,0,0,0,0,20250205,20250305
IDFM:388539,1,1,1,0,0,0,0,20250217,20250226
IDFM:388723,1,1,1,0,1,0,0,20250205,20250305
IDFM:388734,1,1,1,0,1,0,0,20250217,20250228
IDFM:391217,0,0,1,1,0,0,1,20250205,20250306
IDFM:391228,1,0,0,1,1,0,0,20250206,20250306
IDFM:391239,0,0,1,1,0,1,1,20250205,20250306
IDFM:391262,0,0,1,1,0,1,0,20250205,20250306
IDFM:391325,0,1,0,0,1,1,0,20250207,20250304
IDFM:391326,0,1,0,0,1,1,1,20250207,20250304
IDFM:391351,0,1,0,0,1,0,1,20250207,20250304
IDFM:391626,1,1,0,1,0,1,0,20250206,20250306
IDFM:391660,1,0,0,0,1,1,0,20250207,20250303
IDFM:391662,1,0,0,1,1,1,1,20250206,20250306
IDFM:392644,1,0,0,0,0,0,1,20250209,20250303
IDFM:395963,0,0,0,0,0,1,1,20250216,20250301
IDFM:395964,0,0,0,0,0,1,1,20250216,20250302
IDFM:396970,0,0,0,0,0,1,0,20250208,20250215
IDFM:407478,0,0,0,0,0,1,0,20250222,20250302
IDFM:TN:18731759,0,0,0,1,0,0,0,20250206,20250206
IDFM:TN:18731772,1,1,1,1,1,0,0,20250207,20250306
IDFM:TN:18731782,0,0,0,0,0,1,0,20250208,20250208
IDFM:TN:18731836,0,0,0,0,1,0,0,20250207,20250207
IDFM:TN:18732019,1,1,1,1,1,0,0,20250210,20250228
IDFM:TN:18732024,0,1,1,1,1,1,0,20250211,20250301
IDFM:TN:18732072,0,0,0,0,0,1,1,20250208,20250302
IDFM:TN:18732106,0,0,0,0,0,1,0,20250208,20250301
IDFM:TN:18732143,0,0,0,0,0,0,1,20250209,20250302
IDFM:TN:18732225,0,1,0,0,0,0,0,20250211,20250304
IDFM:TN:18732226,1,1,1,1,1,0,0,20250224,20250228
IDFM:TN:18732398,1,0,1,1,1,0,0,20250224,20250228
IDFM:TN:18732407,0,1,0,0,0,0,0,20250225,20250225
IDFM:TN:18732528,1,1,1,1,1,1,1,20250207,20250306
IDFM:TN:18732579,1,1,1,1,1,1,0,20250207,20250306
IDFM:TN:18732613,0,0,0,0,0,1,1,20250209,20250302
IDFM:TN:18732928,1,0,0,0,0,0,1,20250209,20250303
IDFM:TN:18733085,1,0,1,1,1,0,0,20250207,20250306
IDFM:TN:18733097,0,1,0,0,0,0,0,20250211,20250304
IDFM:TN:18733167,0,0,0,0,0,0,1,20250216,20250302
IDFM:TN:18733343,1,1,1,1,1,1,1,20250207,20250302
IDFM:TN:18733797,1,1,1,1,1,0,0,20250207,20250228
IDFM:TN:18734264,0,1,1,1,0,0,0,20250207,20250306
IDFM:TN:18734310,0,1,1,1,0,0,0,20250218,20250306
IDFM:TN:18734311,0,1,1,1,1,0,0,20250225,20250228
IDFM:TN:18734322,1,0,0,0,1,0,0,20250214,20250224
IDFM:TN:18734330,0,0,0,0,1,0,0,20250214,20250221
IDFM:TN:18734369,1,0,0,0,0,0,0,20250224,20250224
IDFM:TN:18734406,0,1,1,1,0,0,0,20250225,20250306
IDFM:TN:18734407,0,0,0,0,0,1,0,20250301,20250301
IDFM:TN:18734408,0,0,0,0,0,1,1,20250301,20250302
IDFM:TN:18734439,0,0,0,0,0,0,1,20250302,20250302
IDFM:TN:18734507,0,0,1,1,1,0,0,20250211,20250221
IDFM:TN:18734508,0,1,1,1,0,0,0,20250211,20250213
IDFM:TN:18734511,0,0,0,0,1,0,0,20250214,20250214
IDFM:TN:18734514,0,0,0,0,0,1,0,20250215,20250222
IDFM:TN:18734516,0,0,0,0,0,1,1,20250215,20250223
IDFM:TN:18734551,0,0,0,0,0,0,1,20250216,20250216
IDFM:TN:18734552,0,0,0,0,0,0,1,20250216,20250223
IDFM:TN:18734569,1,0,0,0,1,0,0,20250217,20250221
IDFM:TN:18734570,0,1,0,0,0,1,0,20250218,20250222
IDFM:TN:18734571,0,0,1,1,1,0,0,20250219,20250221
IDFM:TN:18734572,0,0,0,0,0,1,0,20250222,20250222
IDFM:TN:18734573,0,0,0,0,0,0,1,20250223,20250223
IDFM:TN:18734578,0,1,1,1,0,0,0,20250218,20250220
IDFM:TN:18734621,1,0,0,0,0,0,0,20250210,20250210
IDFM:TN:18734627,0,0,1,1,0,0,0,20250226,20250306
IDFM:TN:18734628,0,1,1,1,0,0,0,20250304,20250306
IDFM:TN:18734853,0,0,1,1,1,1,0,20250226,20250301
IDFM:TN:18734879,0,0,0,0,0,1,0,20250208,20250222
IDFM:TN:18734880,0,0,0,0,0,1,1,20250208,20250223
IDFM:TN:18734891,0,0,0,0,0,1,1,20250208,20250302
IDFM:TN:18734893,1,0,0,0,0,0,1,20250209,20250303
IDFM:TN:18734915,0,1,0,1,0,0,0,20250225,20250227
IDFM:TN:18734916,0,0,1,0,1,0,0,20250226,20250228
IDFM:TN:18735218,0,1,1,1,1,1,1,20250225,20250302
IDFM:TN:18735363,1,1,1,1,1,0,0,20250207,20250306
IDFM:TN:18735364,1,1,1,1,1,0,0,20250207,20250306
IDFM:TN:18735394,1,1,1,1,0,0,0,20250224,20250306
IDFM:TN:18735414,1,1,1,1,0,0,0,20250210,20250220
IDFM:TN:18735490,1,0,0,0,0,0,1,20250216,20250224
IDFM:TN:18735514,1,0,0,0,0,0,0,20250217,20250224
IDFM:TN:18735577,0,0,0,0,1,0,0,20250221,20250221
IDFM:TN:18735762,0,0,0,0,0,1,1,20250208,20250302
IDFM:TN:18735770,0,0,0,0,0,1,1,20250208,20250302
IDFM:TN:18735826,0,0,0,0,0,1,1,20250208,20250302
IDFM:TN:18735828,0,0,0,0,0,1,1,20250208,20250302
IDFM:TN:18735850,0,0,0,0,0,1,0,20250208,20250301
IDFM:TN:18735851,0,0,0,0,0,1,1,20250208,20250302
IDFM:TN:18735858,0,0,0,0,0,0,1,20250208,20250302
IDFM:TN:18735859,0,0,0,0,0,1,0,20250208,20250301
IDFM:TN:18735860,0,0,0,0,0,1,0,20250208,20250302
IDFM:TN:18735861,0,0,0,0,0,0,1,20250209,20250302
IDFM:TN:18735866,0,1,1,0,0,0,0,20250210,20250305
IDFM:TN:18735867,0,1,0,0,0,0,0,20250211,20250218
IDFM:TN:18735868,0,1,0,0,0,0,0,20250211,20250225
IDFM:TN:18735871,0,1,0,0,0,0,0,20250304,20250304
IDFM:TN:18736304,0,1,0,0,0,0,0,20250208,20250304
IDFM:TN:18736306,0,1,0,0,0,0,0,20250208,20250304
IDFM:TN:18736414,0,1,1,1,1,0,0,20250207,20250306
IDFM:TN:18736423,0,1,1,1,0,0,0,20250210,20250220
IDFM:TN:18736455,0,1,0,0,0,0,0,20250218,20250218
IDFM:TN:18736643,0,0,0,1,0,0,0,20250227,20250227
IDFM:TN:18736911,0,1,1,1,0,0,0,20250208,20250306
IDFM:TN:18736916,0,1,0,0,0,0,0,20250208,20250304
IDFM:TN:18736944,1,0,0,0,1,0,0,20250210,20250221
IDFM:TN:18736947,0,1,1,0,0,0,0,20250218,20250219
IDFM:TN:18736948,0,0,0,1,0,0,0,20250220,20250220
IDFM:TN:18736964,0,1,1,1,0,0,0,20250225,20250306
IDFM:TN:18737143,1,0,0,0,0,0,0,20250217,20250224
IDFM:TN:18737550,1,1,1,1,1,0,0,20250207,20250221
IDFM:TN:18737574,0,0,0,0,1,0,0,20250207,20250214
IDFM:TN:18737615,1,1,1,1,1,0,0,20250217,20250306
IDFM:TN:18737616,0,0,0,0,1,0,0,20250228,20250228
IDFM:TN:18737792,1,1,1,1,1,0,0,20250212,20250306
IDFM:TN:18738007,1,1,1,1,1,0,1,20250207,20250306
IDFM:TN:18738093,0,0,0,0,0,1,0,20250215,20250301
IDFM:TN:18738099,0,0,0,0,0,1,0,20250222,20250301
IDFM:TN:18738429,1,1,0,0,0,0,0,20250210,20250211
IDFM:TN:18738432,0,0,0,1,0,0,0,20250213,20250213
IDFM:TN:18738433,1,1,0,1,1,0,0,20250224,20250228
IDFM:TN:18738495,0,0,0,0,0,0,1,20250215,20250302
IDFM:TN:18738496,0,0,0,0,0,1,1,20250215,20250216
IDFM:TN:18738506,0,0,0,0,0,1,1,20250215,20250302
IDFM:TN:18738508,0,0,0,0,0,1,1,20250215,20250302
IDFM:TN:18738528,0,0,0,0,0,0,1,20250216,20250223
IDFM:TN:18738531,0,0,0,0,0,1,1,20250222,20250302
IDFM:TN:18738874,0,1,1,1,0,0,0,20250218,20250306
IDFM:TN:18738875,0,0,0,0,1,0,0,20250221,20250228
IDFM:TN:18738917,0,0,1,1,0,0,0,20250212,20250213
IDFM:TN:18738927,0,0,0,0,0,1,0,20250215,20250301
IDFM:TN:18738951,0,0,0,0,0,1,0,20250215,20250302
IDFM:TN:18738952,0,0,0,0,0,1,1,20250216,20250301
IDFM:TN:18738953,0,0,0,0,0,1,1,20250216,20250302
IDFM:TN:18738954,0,0,0,0,0,0,1,20250216,20250302
IDFM:TN:18738955,0,0,0,0,0,0,1,20250216,20250302
IDFM:TN:18739000,0,0,0,0,0,0,1,20250216,20250302
IDFM:TN:18739006,1,1,0,0,0,0,0,20250224,20250225
IDFM:TN:18739053,1,1,1,1,1,0,0,20250207,20250306
IDFM:TN:18739070,0,0,0,0,1,0,1,20250207,20250209
IDFM:TN:18739074,1,1,1,1,0,0,0,20250209,20250306
IDFM:TN:18739077,0,0,0,0,0,1,0,20250210,20250301
IDFM:TN:18739083,0,1,1,1,0,0,0,20250210,20250306
IDFM:TN:18739095,1,1,1,1,1,0,0,20250217,20250228
IDFM:TN:18739097,1,1,1,1,1,0,1,20250217,20250302
IDFM:TN:18739105,1,0,1,1,1,1,1,20250217,20250302
IDFM:TN:18739107,1,0,1,1,1,0,0,20250217,20250228
IDFM:TN:18739110,1,1,1,1,1,1,1,20250217,20250302
IDFM:TN:18739118,0,0,0,0,0,1,1,20250222,20250303
IDFM:TN:18739194,0,0,0,0,0,1,1,20250208,20250216
IDFM:TN:18739440,1,1,1,1,1,0,0,20250207,20250306
IDFM:TN:18739467,0,0,0,0,0,0,1,20250209,20250223
IDFM:TN:18739468,1,1,1,1,1,0,0,20250210,20250306
IDFM:TN:18739469,1,1,1,1,1,0,0,20250210,20250306
IDFM:TN:18739474,0,0,0,0,1,0,0,20250214,20250302
IDFM:TN:18739477,0,0,0,0,0,1,1,20250222,20250223
IDFM:TN:18739534,0,0,0,0,0,1,1,20250208,20250216
IDFM:TN:18739552,1,0,1,0,0,0,0,20250217,20250305
IDFM:TN:18739555,0,1,0,1,0,0,0,20250218,20250306
IDFM:TN:18739559,0,0,0,0,0,1,0,20250222,20250306
IDFM:TN:18739570,1,0,0,1,0,0,0,20250303,20250306
IDFM:TN:18739577,0,1,1,0,0,0,0,20250304,20250305
IDFM:TN:18739719,0,0,0,0,0,1,0,20250208,20250215
IDFM:TN:18739724,1,1,1,1,0,0,0,20250210,20250306
IDFM:TN:18739727,1,0,0,0,0,0,0,20250211,20250303
IDFM:TN:18739753,1,1,1,0,1,0,0,20250217,20250228
IDFM:TN:18739756,0,1,1,1,1,0,0,20250218,20250306
IDFM:TN:18739757,0,0,0,1,0,0,0,20250220,20250227
IDFM:TN:18739975,0,0,0,0,0,1,1,20250209,20250223
IDFM:TN:18739980,0,1,0,0,0,0,0,20250211,20250225
IDFM:TN:18739995,0,0,1,0,1,0,0,20250219,20250221
IDFM:TN:18740086,0,0,0,0,1,0,0,20250207,20250214
IDFM:TN:18740189,0,1,1,1,0,0,0,20250211,20250306
IDFM:TN:18740191,1,1,1,1,1,0,0,20250211,20250228
IDFM:TN:18740192,1,1,1,1,1,0,0,20250211,20250306
IDFM:TN:18740194,1,1,1,1,1,0,0,20250211,20250228
IDFM:TN:18740204,0,0,0,0,0,1,1,20250215,20250306
IDFM:TN:18740207,1,1,1,1,0,0,0,20250215,20250306
IDFM:TN:18740215,1,1,1,1,0,0,0,20250217,20250306
IDFM:TN:18740219,1,0,0,0,0,0,0,20250217,20250303
IDFM:TN:18740225,1,1,1,1,1,0,0,20250217,20250306
IDFM:TN:18740247,0,1,1,1,1,0,0,20250218,20250306
IDFM:TN:18740250,0,0,0,0,0,1,0,20250222,20250301
IDFM:TN:18740283,0,0,0,0,0,0,1,20250223,20250302
IDFM:TN:18740472,1,1,1,1,1,1,0,20250208,20250306
IDFM:TN:18740474,1,1,1,0,0,1,1,20250208,20250306
IDFM:TN:18740491,1,1,1,1,1,0,0,20250210,20250306
IDFM:TN:18740492,0,0,0,1,1,0,0,20250213,20250221
IDFM:TN:18740502,1,0,0,1,1,0,0,20250217,20250221
IDFM:TN:18740507,0,1,1,0,0,0,0,20250225,20250226
IDFM:TN:18740531,1,0,0,0,0,0,0,20250303,20250303
IDFM:TN:18740534,1,1,1,1,0,0,0,20250224,20250227
IDFM:TN:18740588,1,1,1,1,1,1,1,20250210,20250223
IDFM:TN:18740595,1,1,1,1,0,0,0,20250210,20250220
IDFM:TN:18740597,0,0,0,0,1,0,0,20250214,20250221
IDFM:TN:18740691,0,0,0,0,0,1,1,20250208,20250223
IDFM:TN:18740693,0,0,0,0,0,1,0,20250208,20250222
IDFM:TN:18740715,1,1,1,0,0,0,0,20250210,20250306
IDFM:TN:18740716,1,1,1,1,1,0,0,20250210,20250306
IDFM:TN:18740726,0,1,0,1,0,0,0,20250211,20250220
IDFM:TN:18740735,0,0,1,0,0,1,0,20250215,20250228
IDFM:TN:18740922,1,1,1,1,0,0,1,20250210,20250306
IDFM:TN:18740926,0,0,0,1,0,0,0,20250217,20250306
IDFM:TN:18740949,0,0,0,1,0,0,0,20250306,20250306
IDFM:TN:18741007,0,0,0,0,0,1,0,20250215,20250222
IDFM:TN:18741008,0,1,1,1,1,1,0,20250225,20250301
IDFM:TN:18741310,1,1,1,1,1,0,0,20250217,20250221
IDFM:TN:18741318,1,1,1,1,1,0,0,20250207,20250306
IDFM:TN:18741379,0,0,0,0,0,1,1,20250208,20250306
IDFM:TN:18741860,0,0,0,0,0,1,1,20250208,20250302
IDFM:TN:18741865,1,1,1,1,1,1,1,20250208,20250302
IDFM:TN:18741972,0,1,1,1,0,1,1,20250207,20250306
IDFM:TN:18742096,0,0,0,0,0,1,0,20250208,20250301
IDFM:TN:18743059,1,1,1,1,1,1,1,20250208,20250303
IDFM:TN:18743441,0,1,1,1,0,0,0,20250207,20250306
IDFM:TN:18743819,1,1,1,1,0,0,0,20250224,20250306
IDFM:TN:18743866,1,1,1,1,0,0,0,20250217,20250220
IDFM:TN:18743869,0,1,1,1,1,1,0,20250218,20250301
IDFM:TN:18744027,0,0,0,0,0,1,1,20250208,20250302
IDFM:TN:18744041,0,0,0,0,0,1,0,20250208,20250216
IDFM:TN:18744047,0,0,0,0,0,0,1,20250208,20250223
IDFM:TN:18744064,0,0,0,0,0,1,1,20250215,20250302
IDFM:TN:18744441,1,0,0,0,0,0,1,20250209,20250303
IDFM:TN:18745379,1,0,0,0,0,0,0,20250217,20250217
IDFM:TN:18745418,0,0,0,0,0,1,0,20250208,20250301
IDFM:TN:18745430,0,0,0,0,0,1,1,20250208,20250302
IDFM:TN:18745436,0,0,0,0,0,1,1,20250208,20250302
IDFM:TN:18745446,0,0,0,0,0,1,1,20250208,20250302
IDFM:TN:18745491,1,0,0,0,0,0,1,20250209,20250303
IDFM:TN:18745641,0,0,0,0,0,1,1,20250208,20250223
IDFM:TN:18745650,0,0,0,0,0,1,1,20250215,20250302
IDFM:TN:18745657,1,0,0,0,0,0,1,20250216,20250303
IDFM:TN:18745949,0,1,1,1,1,1,0,20250218,20250306
IDFM:TN:18745983,1,1,1,1,0,0,0,20250217,20250228
IDFM:TN:18745987,0,1,1,1,1,0,0,20250218,20250301
IDFM:TN:18746031,0,0,0,0,0,1,0,20250215,20250301
IDFM:TN:18746327,1,1,1,1,0,0,0,20250217,20250306
IDFM:TN:18746409,1,0,0,0,0,0,1,20250211,20250303
IDFM:TN:18746720,0,1,1,1,1,0,0,20250218,20250306
IDFM:TN:18747526,1,1,1,1,0,0,0,20250217,20250306
IDFM:TN:18747529,0,1,1,1,1,1,0,20250218,20250306
IDFM:TN:18747678,1,0,0,0,0,0,1,20250209,20250303
IDFM:TN:18748121,0,1,1,1,1,1,0,20250218,20250222
IDFM:TN:18748322,0,1,1,1,1,0,0,20250207,20250306
IDFM:TN:18748442,1,0,0,0,0,0,0,20250210,20250303
IDFM:TN:18748443,1,1,1,1,0,0,0,20250217,20250306
IDFM:TN:18748513,0,1,1,1,1,1,0,20250207,20250306
IDFM:TN:18748663,0,0,0,0,0,1,0,20250208,20250215
IDFM:TN:18748966,0,0,0,0,1,1,0,20250207,20250215
IDFM:TN:18749331,1,1,1,1,0,0,0,20250207,20250306
IDFM:TN:18749811,0,0,0,0,1,0,0,20250207,20250214
IDFM:TN:18749819,1,1,1,1,0,0,0,20250217,20250227
IDFM:TN:18750133,0,0,0,0,1,0,0,20250207,20250228
IDFM:TN:18750143,1,1,1,1,0,0,0,20250210,20250306
IDFM:TN:18750720,1,1,1,1,0,0,0,20250207,20250306
IDFM:TN:18750884,0,0,0,0,0,0,1,20250209,20250303
IDFM:TN:18750887,1,1,1,1,0,0,0,20250210,20250306
IDFM:TN:18750901,0,1,1,1,1,0,0,20250207,20250306
IDFM:TN:18750908,1,0,0,0,1,1,1,20250214,20250224
IDFM:TN:18751264,1,1,0,0,0,1,1,20250215,20250225
IDFM:TN:18751310,0,1,0,0,0,1,0,20250215,20250225
IDFM:TN:18751341,0,1,1,1,0,0,0,20250218,20250228
IDFM:TN:18751503,0,1,1,1,0,0,0,20250218,20250227
IDFM:TN:18751513,0,0,1,1,1,0,0,20250219,20250228
IDFM:TN:18751515,0,0,1,1,1,0,0,20250219,20250301
IDFM:TN:18752356,1,0,0,0,0,0,0,20250207,20250306
IDFM:TN:18752398,1,0,0,0,0,0,0,20250210,20250306
IDFM:TN:18755855,1,1,1,1,1,1,1,20250207,20250306
IDFM:TN:18755878,0,0,0,0,1,1,0,20250207,20250301
IDFM:TN:18755880,0,0,0,0,1,0,1,20250207,20250302
IDFM:TN:18755946,1,1,1,1,1,0,1,20250207,20250305
IDFM:TN:18755971,1,1,1,1,0,1,1,20250208,20250306
IDFM:TN:18755988,1,1,1,1,1,0,0,20250210,20250228
IDFM:TN:18756033,0,1,1,1,0,0,0,20250207,20250306
IDFM:TN:18756092,0,1,0,1,0,0,0,20250210,20250220
IDFM:TN:18756099,1,0,1,0,1,0,0,20250217,20250228
IDFM:TN:18756117,1,1,1,1,1,0,0,20250207,20250306
IDFM:TN:18756118,1,1,1,1,1,0,0,20250210,20250228
IDFM:TN:18756156,1,1,1,0,1,0,0,20250210,20250228
IDFM:TN:18756177,0,1,1,1,1,0,1,20250211,20250223
IDFM:TN:18756187,0,1,1,0,1,0,0,20250207,20250306
IDFM:TN:18756217,0,0,0,1,0,0,0,20250217,20250227
IDFM:TN:18756222,1,0,0,0,0,0,0,20250210,20250303
IDFM:TN:18756223,1,1,1,1,1,0,0,20250210,20250228
IDFM:TN:18756227,1,1,1,1,1,0,0,20250210,20250228
IDFM:TN:18756228,0,1,1,0,0,0,0,20250211,20250212
IDFM:TN:18756376,0,0,0,0,0,1,0,20250208,20250301
IDFM:TN:18756399,1,0,0,1,1,0,0,20250210,20250214
IDFM:TN:18756401,1,0,0,0,0,0,0,20250217,20250303
IDFM:TN:18756407,1,0,0,0,0,0,0,20250217,20250303
IDFM:TN:18756427,1,1,1,1,1,0,1,20250210,20250306
IDFM:TN:18756449,1,1,1,1,1,0,0,20250207,20250306
IDFM:TN:18756474,0,0,0,0,1,0,0,20250214,20250228
IDFM:TN:18756488,0,0,0,0,0,0,1,20250216,20250302
IDFM:TN:18756576,1,1,1,1,1,0,0,20250207,20250306
IDFM:TN:18756578,0,0,0,0,0,1,0,20250208,20250301
IDFM:TN:18756581,0,0,0,0,0,0,1,20250209,20250302
IDFM:TN:18756654,1,1,1,1,1,1,1,20250207,20250306
IDFM:TN:18756868,0,0,0,0,0,0,1,20250209,20250217
IDFM:TN:18757073,1,1,1,1,0,0,0,20250217,20250306
IDFM:TN:18757837,0,0,0,0,0,0,1,20250209,20250302
IDFM:TN:18757886,1,0,0,0,0,0,0,20250210,20250306
IDFM:TN:18760026,0,1,1,1,1,1,0,20250211,20250222
IDFM:TN:18760035,1,1,1,1,1,0,0,20250207,20250306
IDFM:TN:18760154,0,0,1,1,1,0,0,20250207,20250306
IDFM:TN:18761762,1,1,1,1,1,0,0,20250207,20250306
IDFM:TN:18762383,0,0,0,0,1,1,0,20250208,20250301
IDFM:TN:18762412,0,0,0,0,1,1,0,20250207,20250301
IDFM:TN:18762456,0,0,1,0,0,0,0,20250212,20250212
IDFM:TN:18762457,0,0,0,1,0,0,0,20250213,20250228
IDFM:TN:18762563,0,0,0,0,0,0,1,20250209,20250223
IDFM:TN:18762606,0,0,0,0,1,0,0,20250207,20250228
IDFM:TN:18763079,0,0,0,0,0,1,1,20250208,20250302
IDFM:TN:18763080,0,0,0,0,0,1,0,20250208,20250301
IDFM:TN:18763207,0,0,0,0,0,0,1,20250209,20250302
IDFM:TN:18764502,0,0,0,0,1,0,0,20250207,20250221
IDFM:TN:18764528,1,1,1,1,0,0,0,20250210,20250227
IDFM:TN:18764548,1,0,0,0,0,0,0,20250210,20250224
IDFM:TN:18764632,0,1,1,1,1,0,0,20250207,20250228
IDFM:TN:18764638,0,0,1,1,1,0,0,20250207,20250306
IDFM:TN:18764639,1,1,1,1,1,0,0,20250207,20250306
IDFM:TN:18764648,1,1,0,0,0,0,0,20250303,20250304
IDFM:TN:18764673,0,0,0,1,1,0,0,20250207,20250306
IDFM:TN:18764682,1,0,1,0,0,0,0,20250224,20250305
IDFM:TN:18764683,0,0,0,1,1,0,0,20250227,20250228
IDFM:TN:18764684,1,1,0,1,0,0,0,20250303,20250306
IDFM:TN:18764685,0,0,1,0,0,0,0,20250305,20250305
IDFM:TN:18764705,1,1,1,1,1,0,1,20250207,20250306
IDFM:TN:18764709,1,1,1,1,1,1,0,20250207,20250306
IDFM:TN:18764710,1,1,1,1,1,0,0,20250207,20250306
IDFM:TN:18764717,0,0,0,0,0,0,1,20250209,20250223
IDFM:TN:18764766,1,1,1,1,1,0,0,20250207,20250303
IDFM:TN:18764799,1,0,1,1,1,0,0,20250207,20250306
IDFM:TN:18764811,0,1,0,0,0,0,0,20250211,20250305
IDFM:TN:18764841,0,0,0,0,0,1,0,20250208,20250302
IDFM:TN:18764845,1,1,1,1,0,0,0,20250210,20250306
IDFM:TN:18764853,0,0,1,1,1,1,1,20250207,20250306
IDFM:TN:18764856,0,1,0,0,0,0,0,20250225,20250304
IDFM:TN:18764935,1,1,1,1,0,1,0,20250208,20250306
IDFM:TN:18764983,1,1,1,1,1,1,0,20250207,20250222
IDFM:TN:18764984,1,1,1,1,0,0,0,20250224,20250306
IDFM:TN:18764987,1,1,1,1,1,0,1,20250207,20250302
IDFM:TN:18765017,0,0,0,0,0,1,0,20250208,20250306
IDFM:TN:18765057,1,0,0,0,0,0,0,20250210,20250306
IDFM:TN:18765113,1,0,0,0,0,0,0,20250210,20250303
IDFM:TN:18765159,0,0,0,0,0,1,1,20250208,20250302
IDFM:TN:18765247,1,1,1,1,0,0,0,20250210,20250306
IDFM:TN:18765271,0,0,1,0,0,0,0,20250212,20250305
IDFM:TN:18664489,0,0,1,0,0,0,0,20250205,20250205
IDFM:TN:18596984,0,1,0,0,0,0,0,20250204,20250204
IDFM:TN:18530347,1,0,0,0,0,0,0,20250203,20250203
IDFM:TN:18496367,0,0,0,0,0,0,1,20250202,20250202
IDFM:TN:04d593f0-a543-3849-aa8b-e3ed767637bd,1,1,1,1,1,0,0,20250208,20250228
IDFM:TN:0e5c01ab-6eca-3372-838a-2d8958dd013b,1,1,1,1,1,1,1,20250208,20250306
IDFM:TN:0744e542-2be7-3e31-8b9d-81487c2ccf0a,1,1,1,1,0,0,0,20250208,20250227
IDFM:TN:399a46fe-8c11-39ed-ba73-954f5bf93bdb,1,1,1,1,1,0,0,20250208,20250221
IDFM:TN:0051d31e-10c4-3dca-be4a-729aa72435b9,1,1,1,1,1,0,0,20250208,20250306
IDFM:TN:8bb3fec7-dfc8-34a0-bf5d-168865c0243e,1,1,1,1,1,0,1,20250208,20250306
IDFM:TN:ba3d8b41-c325-3f8a-8650-8938021f6fdf,1,1,1,1,0,0,0,20250210,20250306
IDFM:TN:3a4d9705-17ee-3867-9112-cffe087f82d3,1,1,1,1,1,1,1,20250209,20250306
IDFM:TN:6662e2d7-9369-3ad6-8a09-228c55a922f9,1,1,1,1,1,1,1,20250208,20250306
IDFM:TN:c5b8b2d9-b641-3240-b887-9f7c649d043c,1,1,1,1,1,0,0,20250210,20250306
IDFM:TN:3ce909dd-1315-37ec-888a-ccf3f1159f62,1,1,1,1,1,0,0,20250210,20250306
IDFM:TN:d090cf1f-2b3e-3f5f-83a8-2c3d41a229c6,1,1,1,1,1,1,0,20250210,20250306
IDFM:TN:2ef5c0cd-b886-3232-8e12-1a85364c66b3,1,1,1,1,1,0,1,20250209,20250306
IDFM:TN:33e1ed92-09bf-349d-9d78-c10ea8b79823,1,1,1,1,1,1,1,20250208,20250306
IDFM:TN:981e7846-cf03-351d-bdb4-03196b6e8710,1,1,1,1,1,1,1,20250208,20250306
IDFM:TN:be68c978-9589-3f3c-943a-1b31611bc66b,1,1,1,1,1,0,0,20250210,20250306
IDFM:TN:29481afc-b012-3a9b-ae4f-d9ed2a849f87,1,1,1,1,1,1,1,20250209,20250306
IDFM:TN:2481c14f-8577-3865-a346-7d0f24b11f66,1,1,1,1,1,0,0,20250208,20250306
IDFM:TN:a9220b62-847a-39ec-977c-6cad55c0d3d1,1,0,1,1,1,0,0,20250208,20250306
IDFM:TN:2eafa037-4948-3fd2-9953-48f883826ca6,1,1,1,1,1,0,0,20250210,20250306
IDFM:TN:3decc458-43dc-3959-a57e-192fb80dc82d,1,1,1,1,1,0,0,20250209,20250306
IDFM:TN:e04fcd1a-5d0c-3c9a-9fda-64f690e776c6,1,1,0,1,1,0,0,20250210,20250306
IDFM:TN:60f5d660-bc9f-3cb2-8091-553c48f69176,1,1,1,1,1,0,0,20250212,20250306
IDFM:TN:01839646-b38a-370f-9ca2-52d08022eebd,1,1,1,1,0,0,0,20250208,20250306
IDFM:TN:5e8ec111-ee9c-372f-831a-fd03e84ccfe8,1,0,0,0,1,0,0,20250208,20250303
IDFM:TN:b4c122ce-167e-33d6-8f40-c9a53c83855e,1,1,1,1,1,0,0,20250208,20250306
IDFM:TN:04a638d3-d897-3960-9e4a-17d1afccb316,0,1,1,1,1,1,0,20250208,20250306
IDFM:TN:01c3bbc1-7d67-3c10-a7aa-92b09e1129f9,1,1,1,1,1,1,1,20250208,20250306
IDFM:TN:eedc6461-5506-3619-ad73-761aaa2d2033,0,0,1,0,0,0,0,20250208,20250302
IDFM:TN:18586596-2862-3fb6-8f95-1dbe5c92046d,0,1,1,1,0,0,0,20250225,20250306
IDFM:TN:0900f8f6-7aaf-37b5-9d1f-f2293d74eb63,0,1,1,1,1,0,0,20250211,20250306
IDFM:TN:96572e9f-1903-3aab-a6ce-83c5100fc045,1,0,0,0,0,0,1,20250208,20250303
IDFM:TN:17854cc3-126d-3a6b-8c5d-46eb2c093ca4,0,1,1,1,0,1,1,20250208,20250306
IDFM:TN:01cb3fb8-4bea-373e-a9ae-ba3067563915,1,1,1,1,1,0,0,20250210,20250214
IDFM:TN:011b58a2-78dc-36f7-8387-687f8e9f5583,0,1,1,1,1,1,0,20250211,20250306
IDFM:TN:07757ab9-a450-3788-850d-819b30c24ad9,1,1,1,1,0,0,0,20250303,20250306
IDFM:TN:33640408-2954-34f3-ada6-0d2bebca7274,1,1,1,1,1,1,1,20250209,20250306
IDFM:TN:10380380-0097-3733-8918-b4530d482b79,1,1,1,1,0,0,0,20250210,20250306
IDFM:TN:2f774802-fefc-38cf-ab75-72024bb4bf2d,1,1,1,1,0,0,0,20250210,20250306
IDFM:TN:d6bd47f6-aa75-398a-9cb8-612d7be35335,1,1,1,1,0,0,0,20250210,20250306
IDFM:TN:e3353315-68a0-3a2e-a59f-3eb56c74cb1d,1,1,1,1,0,0,0,20250210,20250306
IDFM:TN:2ad33d19-51fc-3bc8-bf4e-0a78e262b0e5,1,1,1,1,0,0,0,20250208,20250306
IDFM:TN:e6da6033-4249-32b2-8aa1-58047076070a,1,0,0,0,0,0,1,20250208,20250306
IDFM:TN:a04aadd7-cfc5-323c-abc8-dad791a36e56,1,1,1,1,1,1,1,20250208,20250306
IDFM:TN:02423670-5a83-31b2-afc1-f9cdf48d4f30,0,0,0,0,0,1,1,20250208,20250306
IDFM:TN:6f87003d-dd9b-338f-99c5-d24000ede02e,1,0,0,0,0,0,1,20250208,20250306
IDFM:TN:b44c5f9e-531f-3e8c-8c65-9ad091a0d070,1,0,0,0,0,0,1,20250208,20250306
IDFM:TN:de9f485b-41f7-312b-a9a2-11bdf2bdab59,0,0,0,0,0,1,1,20250208,20250306
IDFM:TN:d2d6b539-9122-3e08-aee5-01ad3ef2a96e,0,0,0,0,0,1,1,20250208,20250306
IDFM:TN:3975acbe-8244-310e-bc2f-13de4b9a5aa5,0,1,1,1,0,1,0,20250208,20250306
IDFM:TN:002e21f2-be29-3282-86a4-a029b14f293a,1,1,1,1,1,0,0,20250208,20250306
IDFM:TN:2ac52697-8244-3305-8ca9-dd2f3dae4f76,1,1,1,1,0,1,1,20250208,20250306
IDFM:TN:f52c2bfc-ad72-3bab-8cd6-f9f97323b7ae,1,1,1,1,1,0,0,20250210,20250306
IDFM:TN:2434ec82-a2eb-3f88-8839-14975c922dd8,1,1,1,1,0,1,1,20250208,20250306
IDFM:TN:ce0d11e5-4925-3c10-9737-8ef5e0ace4d4,1,1,1,1,1,0,0,20250210,20250306
IDFM:TN:0513bd09-dacf-39b6-9921-4e10e121651d,1,1,1,1,1,0,0,20250210,20250306
IDFM:TN:385d70bb-7d68-34fb-982d-553b3ad08fc8,1,1,1,1,1,0,0,20250210,20250306
IDFM:TN:4c983b63-07b9-3890-90d0-cf1a0950b718,1,1,1,1,1,0,1,20250209,20250306
IDFM:TN:84a437a9-4ffd-3e8d-ad04-732955efac95,1,1,1,1,1,1,1,20250210,20250306
IDFM:TN:3b6884a7-2cef-371a-8ab0-d02c4a2f51f2,1,1,1,1,0,1,1,20250208,20250306
IDFM:TN:4aadbcc5-2309-3b5b-b3cc-b19df3d92829,1,1,1,1,1,1,1,20250208,20250306
IDFM:TN:40ccbf27-6cf4-3fb3-8dea-659f657469c9,1,1,1,1,1,0,0,20250210,20250305
IDFM:TN:0be9dad6-12d7-35d9-abd5-53797e125c69,1,1,1,0,0,0,0,20250210,20250305
IDFM:TN:02aa9727-6572-36fb-9b0f-a3430df829af,0,1,1,1,0,0,0,20250208,20250306
IDFM:TN:01c87275-ffe7-3d4b-8220-efe035c4792b,1,1,1,1,1,0,0,20250210,20250221
IDFM:TN:016a1567-a3b9-3c31-bba9-d9607349caba,0,0,0,0,0,1,0,20250208,20250215
IDFM:TN:0ad2675c-d28f-3c39-a0ff-dc726d91e307,0,1,1,1,0,1,0,20250208,20250306
IDFM:TN:0f67fdae-3e88-348f-aab5-a77b43d76796,1,1,1,1,1,0,0,20250210,20250306
IDFM:TN:0dd82129-75fc-3bf2-8212-f29638017790,1,0,1,1,1,0,0,20250210,20250306
IDFM:TN:8fe07e0e-79b4-3710-9ac3-b6cd3df1b143,1,0,1,1,1,0,0,20250210,20250306
IDFM:TN:020d64f0-1763-386a-b351-7c0ed0d5079c,1,1,1,1,1,1,1,20250210,20250306
IDFM:TN:09e05246-344f-3c43-88d3-7d35de807d34,0,0,0,0,0,0,1,20250209,20250209
IDFM:TN:0c641394-3577-3b7b-8b17-d7c3f5d15f8c,1,1,1,1,1,0,0,20250208,20250306
IDFM:TN:6a495a7c-4764-3608-9972-ab97bd95c146,1,1,1,1,0,0,0,20250208,20250306
IDFM:TN:5c6be9f5-61d6-3418-b7af-7d0426658da0,1,1,1,1,1,1,1,20250209,20250302
IDFM:TN:09b57c6c-9a1b-3e52-9f17-79d58c9e4a58,1,1,1,1,1,0,0,20250210,20250306
IDFM:TN:047d8e6e-3400-36f1-961a-8410893cd743,1,1,1,1,1,0,0,20250210,20250306
IDFM:TN:bea155f6-4725-34ca-bf9e-70ed50cf7549,1,1,1,1,1,0,0,20250210,20250306
IDFM:TN:71911a36-be46-32c2-b7a4-aff7623722d5,1,1,1,1,1,0,0,20250210,20250306
IDFM:TN:4e125bcb-5b55-31e9-8bad-34a225029269,1,1,1,1,0,0,0,20250210,20250306
IDFM:TN:59f59ba4-6e4d-3d98-9d87-5e3686b524e7,0,0,0,0,0,1,0,20250208,20250215
IDFM:TN:81e132aa-215c-3dcb-b7c8-5819b1cbd4f2,0,0,0,0,0,1,1,20250208,20250302
IDFM:TN:762b4da3-d8dc-34c0-9226-3e63a7fb0ebf,1,1,1,1,1,1,1,20250208,20250302
IDFM:TN:79543deb-6dfb-3494-9336-fa962d1686fb,1,0,1,1,0,0,0,20250208,20250228
IDFM:TN:61e1c3f4-a158-3728-8c9e-77f9cc6cc1da,1,0,0,0,1,0,0,20250210,20250303
IDFM:TN:dbbb4da2-b3bc-360d-90cd-004883d461e7,1,1,1,1,1,0,0,20250208,20250228
IDFM:TN:015cc278-3f09-3a5e-9842-4785a5d000e0,0,0,0,0,0,1,1,20250208,20250209
IDFM:TN:a5819ee2-29c5-36a6-a1df-f7748e26509a,1,1,1,1,0,1,1,20250210,20250306
IDFM:TN:8329d22a-8a1b-31f8-8fe8-27a3748ccfc6,1,0,1,1,1,1,1,20250210,20250306
IDFM:TN:bde86ab6-83e7-3ee2-8b59-c18e0cf30592,1,1,1,1,1,1,1,20250210,20250306
IDFM:TN:764f9293-6724-3e5c-a850-320b01e5a2d6,1,1,1,1,1,1,0,20250210,20250306
IDFM:TN:4414d240-d58d-3344-bcc2-0ed3aad18a05,1,1,1,1,1,0,0,20250209,20250306
IDFM:TN:05069efc-6ce5-3745-9a4a-679fb9761a69,0,1,1,1,1,0,0,20250211,20250214
IDFM:TN:838ee84c-af83-3c0d-8c31-63f09f198c20,1,1,1,1,1,0,0,20250211,20250306
IDFM:TN:337dec76-6f48-39f4-bc5a-d96d56225f3c,0,1,1,1,1,1,1,20250211,20250216
IDFM:TN:c45fad7e-80eb-3f88-85cf-c29bdd6e202e,0,1,1,1,1,1,0,20250211,20250215
IDFM:TN:34485273-6ecf-316c-baf2-34e030f2d97c,1,1,1,1,1,0,0,20250211,20250306
IDFM:TN:f43574a6-79f5-33c0-951f-ddb6317ea796,1,1,1,1,1,0,1,20250210,20250216
IDFM:TN:02dd538f-eaf1-35ee-9825-f82f0016069b,0,0,0,0,0,1,0,20250215,20250215
IDFM:TN:0043ebd9-0796-3036-9bfa-dee4fe2ff899,0,1,1,1,0,0,0,20250210,20250306
IDFM:TN:02a74459-f15d-33f6-a11e-9a57c1f6a85a,1,1,1,1,0,0,0,20250210,20250213
IDFM:TN:0ddee953-7a0c-3749-8418-0a5847d8c27b,1,1,1,1,0,0,0,20250210,20250306
IDFM:TN:02d5d536-bb6c-3f37-b634-bd312fee3e73,1,1,1,1,1,1,1,20250208,20250306
IDFM:TN:1d4b96e1-4c1b-3fdf-821a-dfb44b496ed1,0,1,1,1,0,0,0,20250210,20250306
IDFM:TN:713e0609-5da3-3dc9-a825-396ec16fdb6d,0,1,1,1,0,0,0,20250210,20250306
IDFM:TN:ece006d2-fc3a-3403-b4f1-241c8108fec6,0,1,1,1,0,0,0,20250210,20250306
IDFM:TN:3e43fd97-5375-3b95-b861-f59c1f7affd9,0,1,1,1,0,0,0,20250208,20250220
IDFM:TN:d6f26272-ea27-31b6-9b6c-647abf1ab5f1,1,1,1,1,1,0,0,20250214,20250306
IDFM:TN:23757d22-6357-33a4-ae72-9d812a642889,0,1,1,1,0,0,0,20250208,20250306
IDFM:TN:1051fd47-87a0-3c10-9169-7d7d8d9947ee,0,0,0,1,0,0,0,20250213,20250306
IDFM:TN:f356eb5e-5e4d-33b9-95a5-dcff013c17aa,1,0,1,1,0,0,0,20250210,20250306
IDFM:TN:01b13e2a-d01f-3514-bf75-f284ef718256,0,0,1,1,0,0,0,20250210,20250306
IDFM:TN:65f16eb9-6637-37b0-b9f0-b9b2fa267a59,0,1,1,1,0,0,0,20250208,20250306
IDFM:TN:54b55118-c805-344e-85a7-179b3e035b03,1,0,1,1,0,0,0,20250210,20250306
IDFM:TN:482d9395-db26-36ae-a069-92e596be83e9,0,1,1,1,0,0,0,20250208,20250306
IDFM:TN:30d845b9-30b8-31a8-ba42-fe800ffdab1b,0,1,1,1,0,0,0,20250208,20250306
IDFM:TN:2a906eb9-5939-3721-b883-0cb3189aae98,0,1,1,1,0,0,0,20250209,20250306
IDFM:TN:1b44104b-126f-304d-a8d5-74316afcc8be,1,1,1,1,1,0,0,20250208,20250306
IDFM:TN:1ff2019d-a13f-3442-a7d9-06f16547a854,1,1,1,1,0,1,1,20250208,20250306
IDFM:TN:25187dfe-19e3-3f48-837c-0a6903ed676d,0,1,1,1,0,0,0,20250210,20250306
IDFM:TN:e5d326d9-562e-342b-8665-8ecbc2513d3e,0,1,1,1,0,0,0,20250208,20250306
IDFM:TN:039042f0-b739-372a-bb3e-8eba759aac18,0,1,1,1,0,0,0,20250208,20250306
IDFM:TN:686f7060-3f67-3e03-abc8-62767b3637df,0,1,1,1,0,1,1,20250208,20250306
IDFM:TN:cf0168e5-f3d1-33c3-9baf-ec337081c046,1,1,1,1,0,1,1,20250210,20250302
IDFM:TN:8552fead-aa2f-3476-b543-16e56de568ce,0,1,1,1,0,0,0,20250208,20250306
IDFM:TN:2f605ade-c051-3fac-b726-b986b04ee51d,1,1,1,1,1,1,1,20250208,20250306
IDFM:TN:001b85c2-322b-3def-90a0-557698cfe5da,1,1,1,1,1,0,0,20250210,20250306
IDFM:TN:186ba117-abea-3550-8a63-882d18be1cbd,0,0,0,0,1,1,1,20250210,20250302
IDFM:TN:02865504-953d-36c7-9c7a-5a944565f690,1,1,1,1,1,0,0,20250210,20250306
IDFM:TN:076183c4-61a9-3c1b-bba0-71d5d1fb4a97,1,0,0,0,0,1,1,20250208,20250303
IDFM:TN:634561a4-801f-3ee9-be61-5f04a3204971,1,1,1,1,1,1,1,20250208,20250306
IDFM:TN:38101c90-d07f-3d9f-b315-2bf5d07c0ea8,1,1,1,1,1,0,0,20250210,20250306
IDFM:TN:39692d6b-ff18-3c9f-8d12-2e3d4a6eee60,1,1,1,1,1,0,0,20250210,20250306
IDFM:TN:55c1362a-9157-3154-b56f-844a9d7791cd,1,1,1,1,0,0,0,20250210,20250306
IDFM:TN:0699c478-696a-3a66-be93-a2c0e0992fb5,1,1,1,1,1,1,0,20250208,20250306
IDFM:TN:1e81916b-c73e-3b36-84b5-3294abeb702d,1,1,1,1,1,0,1,20250209,20250306
IDFM:TN:00d477b1-d250-368e-af6b-9077a1ff130c,1,1,1,1,0,0,0,20250224,20250306
IDFM:TN:25f20dfe-9a57-36f9-b045-74a71078e35d,0,1,1,1,0,1,0,20250208,20250306
IDFM:TN:17cff97d-5d90-34cd-bc14-b669c43264d4,0,0,0,0,0,0,1,20250209,20250306
IDFM:TN:230a972a-ccf7-3869-ba3e-27d5953f80a2,1,1,1,1,0,1,1,20250208,20250306
IDFM:TN:775c599f-1631-37e8-8d34-1ce6a702a5a5,0,0,0,0,0,1,1,20250208,20250302
IDFM:TN:19133c29-e03b-332d-ba58-f48ed0df98ed,0,0,0,0,0,1,1,20250208,20250302
IDFM:TN:18765272,0,0,0,1,0,0,0,20250206,20250206
IDFM:TN:18765275,0,0,0,0,1,0,0,20250207,20250207
IDFM:TN:18765289,0,0,1,0,0,0,0,20250205,20250205
